■ 영화상영관정보,,,,,,,,,,,,,,,,,,,,
-,,,,,,,,,,,,,,,,,,,,
조회일,,,,,,,,,,,,,,,,,,,,
: 2024-08-29,,,,,,,,,,,,,,,,,,,,
-,,,,,,,,,,,,,,,,,,,,
출처,,,,,,,,,,,,,,,,,,,,
: 영화진흥위원회 통합전산망 (http://www.kobis.or.kr),,,,,,,,,,,,,,,,,,,,
▶ 검색조건 [ 영화상영관명 : 전체   영화상영관코드 : 전체   영화상영관구분 : 상설   가입여부 : 가입   영업상태 : 전체   광역단체 : 전체   기초단체 : 전체   전송사업자 : 전체 ],,,,,,,,,,,,,,,,,,,,
광역단체,기초단체,영화상영관코드,영화상영관명,총 스크린수,총 좌석수,필름 상영관수,2D 상영관수,3D 상영관수,4D 상영관수,IMAX 상영관수,상설여부,특별관운영여부,가입여부,전송사업자명,개관일,영업상태,운영형태,주소,전화번호,홈페이지
부산시,연제구,011045,CGV 아시아드,8,"1,382",0,8,4,1,0,상설,,가입,CJ올리브네트웍스(주),2009-03-01,영업,직영,부산광역시 연제구 거제2동 1208 번지 홈플러스,1544-1122,http://www.cgv.co.kr/
전라남도,곡성군,009077,곡성작은영화관,2,95,0,1,1,0,0,상설,,가입,(주)디트릭스,2024-09-10,영업,직영,전라남도 곡성군 곡성읍 776-6 번지,061-363-7789,https://www.곡성작은영화관.kr
경기도,파주시,001280,밀크북 바이 모노플렉스,1,40,0,1,0,0,0,상설,,가입,(주)디트릭스,2020-07-10,영업,직영,경기도 파주시 문발동 532-3 번지 3층 302호,,
경기도,하남시,002223,메가박스 하남스타필드,11,"1,466",0,11,3,1,0,상설,,가입,메가박스(주),2016-09-09,영업,직영,경기도 하남시 신장동 616 번지 스타필드 하남 4층,1544-0070,http://www.megabox.co.kr/
충청북도,충주시,004053,메가박스 충주연수,8,784,0,0,0,0,0,상설,,가입,메가박스(주),2024-03-13,영업,위탁,충청북도 충주시 연수동 1325 번지 3층 아토몰,02-1544-0070,https://megabox.co.kr/
인천시,연수구,015055,메가박스 송도,8,"1,501",0,8,2,0,0,상설,,가입,메가박스(주),2017-04-28,영업,직영,인천광역시 연수구 송도동 176-5 번지 트리플 스트리트 D동 2층,02-1544-0070,http://www.megabox.co.kr/
전라남도,담양군,009072,담양담빛영화관,2,102,0,2,0,0,0,상설,,가입,(주)디트릭스,2021-08-20,영업,위탁,전라남도 담양군 담양읍 112-6 번지,,
서울시,마포구,001283,CGV 연남,6,770,0,6,1,1,0,상설,,가입,CJ올리브네트웍스(주),2021-07-07,영업,직영,서울특별시 마포구 동교동 167-2 번지 LC TOWER 7~10층,1544-1122,http://www.cgv.co.kr
경상북도,의성군,006092,안계행복영화관,1,60,0,1,1,0,0,상설,,가입,(주)디트릭스,2024-08-10,영업,직영,경상북도 의성군 안계면 843-5 번지,,
서울시,마포구,001146,KT&G 상상마당 Cinema,1,76,1,1,0,0,0,상설,,가입,(주)디트릭스,2011-12-05,영업,직영,서울특별시 마포구 서교동 367-5 번지 상상마당빌딩 지하 4층,02-330-6243,https://www.sangsangmadang.com
세종시,연기군,017042,초이자동차극장,1,45,0,1,0,0,0,상설,,가입,,2021-12-15,영업,직영,세종특별자치시 장군면 대교리 514-10 번지 초이자동차극장,044-272-7933,http://choicinema.kr
강원도,강릉시,003223,롯데시네마 강릉,4,296,0,4,0,0,0,상설,,가입,롯데컬처웍스(주)롯데시네마,2024-07-31,영업,위탁,강원도 강릉시 성남동 254 번지 6층 일부 7층~10층,033-647-2003,http://www.lottecinema.co.kr/
부산시,해운대구,011079,메가박스 해운대(장산)점,7,583,0,7,2,0,0,상설,,가입,메가박스(주),2024-07-23,영업,위탁,부산광역시 해운대구 좌동 1467-4 번지 8층,02-1544-0070,https://megabox.co.kr/
인천시,중구,015062,메가박스 영종하늘도시,3,270,0,3,0,0,0,상설,,가입,메가박스(주),2019-07-24,영업,위탁,인천광역시 중구 중산동 1883-12 번지 3층 롯데시네마 영종하늘도시,,https://megabox.co.kr/
경상남도,창원시 마산합포구,007080,메가박스 마산,6,"1,043",0,6,0,0,0,상설,,가입,메가박스(주),2018-01-31,영업,위탁,경상남도 창원시 마산합포구 해운동 68 번지 유로스퀘어 6층,1544-0070,http://www.megabox.co.kr/
충청남도,홍성군,005041,CGV 홍성,6,646,0,6,2,0,0,상설,,가입,CJ올리브네트웍스(주),2011-12-22,영업,직영,충청남도 홍성군 홍성읍 1042 번지 5층,1544-1122,http://www.cgv.co.kr
충청북도,단양군,004054,단양작은영화관,2,124,0,2,1,0,0,상설,,가입,(주)디트릭스,2024-07-03,영업,위탁,충청북도 단양군 단양읍 12-4 번지 단양작은영화관,043-423-3927,
경상북도,포항시,006075,메가박스 남포항,6,663,0,6,1,0,0,상설,,가입,메가박스(주),2017-09-26,영업,위탁,경상북도 포항시 남구 오천읍 1134 번지,1544-0070,http://www.megabox.co.kr/
경기도,수원시,002007,메가박스 수원,5,631,0,5,1,0,0,상설,,가입,메가박스(주),2001-11-10,영업,위탁,경기도 수원시 권선구 권선동 1189 번지 수원버스터미널 4층,1544-0070,http://www.megabox.co.kr/
서울시,마포구,001144,롯데시네마 홍대입구,4,730,0,6,4,0,0,상설,,가입,롯데컬처웍스(주)롯데시네마,2008-01-01,영업,직영,서울특별시 마포구 동교동 166-14 번지 와이즈파크 8층,1544-8855,http://www.lottecinema.co.kr/
강원도,정선군,003207,아리아리 정선시네마,2,74,0,2,1,0,0,상설,,가입,(주)디트릭스,2017-05-19,영업,직영,강원도 정선군 정선읍 144-9 번지 아리아리 정선시네마,033-563-5703,http://jeongseon.scinema.org/
경기도,고양시,002126,CGV 일산,9,"1,162",0,9,6,1,1,상설,,가입,CJ올리브네트웍스(주),2007-03-28,영업,직영,"경기도 고양시 일산동구 장항동 868 번지 (장항동, 웨스턴돔 3층)",1544-1122,http://www.cgv.co.kr/
충청북도,청주시,004017,CGV 청주(서문),10,"1,364",0,10,3,0,0,상설,,가입,CJ올리브네트웍스(주),2007-10-09,영업,직영,충청북도 청주시 상당구 서문동 29-2 번지,1544-1122,http://www.cgv.co.kr/
서울시,용산구,001088,CGV 용산아이파크몰,23,"5,445",0,22,7,1,1,상설,,가입,CJ올리브네트웍스(주),2004-10-08,영업,직영,서울특별시 용산구 한강로3가 40-999 번지 아이파크몰 6층,1544-1122,http://www.cgv.co.kr/
경상북도,의성군,006085,의성작은영화관,2,94,0,2,1,0,0,상설,,가입,(주)디트릭스,2021-07-10,영업,직영,경상북도 의성군 의성읍 508-1 번지 1층,054-833-7718,
서울시,성북구,001098,아리랑시네센터(서울),3,441,0,3,2,0,0,상설,,가입,(주)디트릭스,2004-05-01,영업,직영,서울특별시 성북구 돈암동 538-98 번지,02-3291-5540,http://cine.arirang.go.kr/
전라남도,무안군,009076,무안작은영화관,2,183,0,2,2,0,0,상설,,가입,(주)디트릭스,2024-07-15,영업,직영,전라남도 무안군 무안읍 812-13 번지 무안군복합문화센터 6층,061-450-4064,
전라남도,영암군,009074,영암 기찬시네마,2,93,0,2,1,0,0,상설,,가입,(주)디트릭스,2022-12-21,영업,위탁,전라남도 영암군 영암읍 36-30 번지,,
광주시,광산구,016048,롯데시네마 광주첨단,5,472,0,5,1,0,0,상설,,가입,롯데컬처웍스(주)롯데시네마,2024-06-14,영업,위탁,"광주광역시 광산구 쌍암동 654-2 번지 1층, 2층, 3층 롯데시네마 광주첨단",070-4739-2044,https://www.lottecinema.co.kr/NLCHS
경상남도,합천군,007074,합천시네마,2,99,0,2,1,0,0,상설,,가입,(주)디트릭스,2016-07-15,영업,위탁,경상남도 합천군 합천읍 512 번지 합천시네마,055-932-7053,www.hc.scinema.kr
경상남도,하동군,007096,하동영화관,1,152,0,0,1,0,0,상설,,가입,(주)디트릭스,2023-12-23,영업,위탁,경상남도 하동군 하동읍 237-13 번지,,
경기도,수원시,002309,메가박스 수원스타필드,6,"1,007",0,6,0,0,0,상설,,가입,메가박스(주),2024-01-24,영업,직영,"경기도 수원시 장안구 정자동 111-14 번지 스타필드수원 7층 7100호(정자동, 스타필드수원)",1544-0070,http://www.megabox.co.kr/
전라북도,남원시,008235,NH시네마,3,257,0,3,1,0,0,상설,,가입,(주)디트릭스,2021-12-24,영업,직영,전라북도 남원시 고죽동 66-3 번지 4층,063-635-3927,https://moviewalk.scinema.org/
대구시,동구,012018,씨네팔공산 자동차극장,1,350,0,1,0,0,0,상설,,가입,(주)디트릭스,,영업,직영,대구광역시 동구 용수동 50-1 번지,053-985-5080,http://cine803.kr/
경기도,파주시,002266,CGV 파주야당,5,453,0,5,1,0,0,상설,,가입,CJ올리브네트웍스(주),2020-07-31,영업,위탁,경기도 파주시 야당동 1066 번지 601호,,
대구시,중구,012053,메가박스 프리미엄 만경관,9,680,0,9,0,0,0,상설,,가입,메가박스(주),2018-04-25,영업,위탁,대구광역시 중구 종로1가 29-4 번지,,
인천시,동구,015044,인천미림극장,1,253,1,1,0,0,0,상설,,가입,(주)디트릭스,2013-10-02,영업,직영,인천광역시 동구 송현동 92-7 번지,032-764-6920,
서울시,송파구,001224,롯데시네마 월드타워,18,"4,204",0,18,6,1,0,상설,,가입,롯데컬처웍스(주)롯데시네마,2014-10-15,영업,직영,"서울특별시 송파구 신천동 29 번지 신천동, 엔터동롯데시네마(5~11F)",1544-8855,http://www.lottecinema.co.kr/
광주시,서구,016027,CGV 광주터미널,13,"3,166",1,15,4,1,1,상설,,가입,CJ올리브네트웍스(주),2009-05-20,영업,직영,광주광역시 서구 광천동 49-1 번지 유스퀘어 2-6층,1544-1122,http://www.cgv.co.kr/
전라북도,익산시,008021,CGV 익산,7,895,0,9,4,0,0,상설,,가입,CJ올리브네트웍스(주),2004-05-15,영업,위탁,전라북도 익산시 영등동 149-1 번지 4층,1544-1122,http://www.cgv.co.kr/
충청남도,천안시,005071,롯데시네마 천안불당,6,658,0,6,2,0,0,상설,,가입,롯데컬처웍스(주)롯데시네마,2021-11-18,영업,위탁,,,http://www.lottecinema.co.kr
인천시,서구,015059,CGV 청라,7,796,0,7,1,0,0,상설,,가입,CJ올리브네트웍스(주),2018-05-11,영업,위탁,인천광역시 서구 경서동 953-7 번지 3층 305호,032-721-5660,www.cgv.co.kr
서울시,강남구,001071,메가박스 브로드웨이(신사),6,570,0,6,2,0,0,상설,,가입,메가박스(주),2013-04-05,영업,위탁,서울특별시 강남구 논현동 3-5 번지,1544-8855,http://www.megabox.co.kr/
울산시,중구,014021,CGV 울산성남,7,465,0,0,0,0,0,상설,,가입,CJ올리브네트웍스(주),,영업,위탁,울산광역시 중구 성남동 3-6 번지,,
부산시,금정구,011059,메가박스 부산대,7,952,0,7,1,0,0,상설,,가입,메가박스(주),2016-05-02,영업,직영,부산광역시 금정구 장전동 292-4 번지 라퓨타아일랜드,,http://www.megabox.co.kr
경기도,수원시,002049,롯데시네마 수원,8,"1,046",0,8,3,1,0,상설,,가입,롯데컬처웍스(주)롯데시네마,2014-11-27,영업,직영,경기도 수원시 권선구 서둔동 296-77 번지,1544-8855,
서울시,중구,001151,메가박스 동대문,8,"1,744",0,8,0,0,0,상설,,가입,메가박스(주),2008-09-11,영업,위탁,서울특별시 중구 을지로6가 18-21 번지 굿모닝시티 9층~11층,1544-0070,http://www.megabox.co.kr/
충청북도,청주시,004024,메가박스 청주성안길,8,904,0,8,0,0,0,상설,,가입,메가박스(주),2008-07-24,영업,위탁,충청북도 청주시 상당구 북문로1가 170-1 번지,1544-1122,http://www.cgv.co.kr/
울산시,중구,014014,롯데시네마 울산성남,7,"1,123",0,7,2,0,0,상설,,가입,롯데컬처웍스(주)롯데시네마,2014-03-20,영업,위탁,울산광역시 중구 성남동 256-24 번지,1544-8855,www.lottecinema.co.kr
경기도,의정부시,002218,메가박스 의정부민락,6,"1,098",0,6,2,0,0,상설,,가입,메가박스(주),2016-05-15,영업,위탁,경기도 의정부시 민락동 813-3 번지 메가타워 5층,1544-0070,www.megabox.co.kr
전라남도,광양시,009054,CGV 광양,5,"1,471",0,4,2,0,0,상설,,가입,CJ올리브네트웍스(주),2017-04-28,영업,직영,전라남도 광양시 금호동 624-24 번지 몰오브광양 2~3층,,
전라북도,부안군,002271,부안 마실영화관,2,152,0,2,0,0,0,상설,,가입,(주)디트릭스,2021-01-04,영업,위탁,전라북도 부안군 부안읍 봉덕리 574-13 번지 3층,,
경기도,하남시,002243,CGV 스타필드시티위례,6,882,0,6,2,0,0,상설,,가입,CJ올리브네트웍스(주),2018-12-14,영업,직영,경기도 하남시 학암동 660 번지 스타필드시티위례 5층,,www.cgv.co.kr
경기도,시흥시,002169,CGV 시흥,4,462,0,4,2,0,0,상설,,가입,CJ올리브네트웍스(주),2008-01-24,영업,위탁,경기도 시흥시 대야동 568-1 번지,1544-1122,http://www.cgv.co.kr/
충청남도,천안시,005070,CGV 천안시청,8,964,0,8,1,0,0,상설,,가입,CJ올리브네트웍스(주),2021-07-28,영업,위탁,"충청남도 천안시 서북구 불당동 1485 번지 센트에비뉴 2층,3층, 4층",041-569-0728,www.cgv.co.kr
인천시,서구,015051,메가박스 검단,5,457,0,5,1,0,0,상설,,가입,메가박스(주),2015-09-21,영업,위탁,인천광역시 서구 당하동 1098-5 번지 홀리랜드 4층 메가박스 검단,032-565-5660,www.megabox.co.kr
충청남도,천안시,005023,메가박스 천안,9,989,0,9,0,0,0,상설,,가입,메가박스(주),2013-10-01,영업,위탁,충청남도 천안시 서북구 두정동 68-16 번지 센트하임프라자 3층,1544-0070,http://www.megabox.co.kr/
부산시,해운대구,011038,롯데시네마 센텀시티(백화점),9,"1,688",0,9,5,0,0,상설,,가입,롯데컬처웍스(주)롯데시네마,2007-12-07,영업,직영,부산광역시 해운대구 우동 1496 번지 롯데백화점 8층,1544-8855,http://www.lottecinema.co.kr/
경기도,광명시,002063,롯데시네마 광명,6,"1,026",0,6,2,0,0,상설,,가입,롯데컬처웍스(주)롯데시네마,2015-01-08,영업,직영,"경기도 광명시 광명동 150-19 번지 크로앙스 7,8층",1544-8855,http://www.lottecinema.co.kr/
서울시,서대문구,001205,CGV 신촌아트레온,7,997,0,10,5,1,0,상설,,가입,CJ올리브네트웍스(주),2013-06-21,영업,직영,서울특별시 서대문구 창천동 20-25 번지,1544-1122,
대구시,북구,012022,메가박스 대구세븐밸리,7,626,0,7,2,0,0,상설,,가입,메가박스(주),2007-10-31,영업,위탁,대구광역시 북구 동천동 894-1 번지,,
제주도,제주시,010018,메가박스 제주아라,6,592,0,6,2,0,0,상설,,가입,메가박스(주),2019-03-01,영업,위탁,제주특별자치도 제주시 아라일동 2574 번지,,
부산시,중구,011020,메가박스 부산극장,9,"1,372",0,9,2,0,0,상설,,가입,메가박스(주),2000-05-16,영업,위탁,부산광역시 중구 남포동5가 18-1 번지,1544-0070,http://www.megabox.co.kr/
경상남도,창녕군,007097,창녕군작은영화관,2,99,0,2,1,0,0,상설,,가입,(주)디트릭스,2024-02-28,영업,위탁,경상남도 창녕군 남지읍 181-8 번지 1층,055-521-7718,littletheaters.kr
충청북도,청주시,004036,CGV 청주지웰시티,8,"1,214",0,8,3,1,0,상설,,가입,CJ올리브네트웍스(주),2014-04-24,영업,직영,"충청북도 청주시 흥덕구 복대동 288-14 번지 3,4층",1544-1122,
충청남도,예산군,005056,예산시네마,2,99,0,2,1,0,0,상설,,가입,문화인,2017-04-12,영업,위탁,충청남도 예산군 예산읍 233-4 번지,041-335-2331,http://yesan.littlecinema.co.kr/
광주시,북구,016039,광주자동차극장,2,320,0,2,1,0,0,상설,,가입,(주)디트릭스,2017-02-22,영업,직영,광주광역시 북구 생용동 90 번지,062-575-6263,http://gwangjudit.co.kr/
경기도,하남시,002270,CGV 하남미사,7,875,0,7,0,0,0,상설,,가입,CJ올리브네트웍스(주),2020-12-10,영업,위탁,경기도 하남시 망월동 1100 번지 힐스테이트 미사역 그랑파사쥬 3층 3074호,031-795-6344,
경상남도,양산시,007078,메가박스 양산,6,528,0,6,2,0,0,상설,,가입,메가박스(주),2017-05-01,영업,위탁,경상남도 양산시 중부동 685-6 번지,1544-0070,http://www.megabox.co.kr/
서울시,동작구,001290,롯데시네마 신대방,6,533,0,6,1,0,0,상설,,가입,롯데컬처웍스(주)롯데시네마,2022-07-29,영업,직영,서울특별시 동작구 신대방동 686-48 번지 B2F 롯데시네마 신대방,02-1544-8855,http://www.lottecinema.co.kr
서울시,양천구,001291,메가박스 더 부티크 목동현대백화점,8,883,0,8,2,0,0,상설,,가입,메가박스(주),2022-12-13,영업,직영,서울특별시 양천구 목동 916 번지 현대백화점 목동점 지하2층~지하3층,1544-0070,www.megabox.co.kr
전라북도,완주군,008223,완주 휴 시네마,2,90,0,2,1,0,0,상설,,가입,(주)디트릭스,2014-09-18,영업,직영,전라북도 완주군 봉동읍 881 번지,063-263-9012,
강원도,횡성군,003211,횡성시네마,2,136,0,2,1,0,0,상설,,가입,(주)디트릭스,2018-02-14,영업,직영,강원도 횡성군 횡성읍 281-1 번지 횡성시네마,033-343-1088,https://hseong.littlecinema.co.kr/
경기도,평택시,002042,메가박스 평택비전,5,333,0,5,0,0,0,상설,,가입,메가박스(주),2024-01-18,영업,위탁,경기도 평택시 비전동 830-1 번지 뉴코아 아울렛 백화점 10층,1544-0070,https://www.megabox.co.kr/
서울시,영등포구,001158,CGV 영등포,12,"2,712",0,12,5,1,1,상설,,가입,CJ올리브네트웍스(주),2009-09-15,영업,직영,서울특별시 영등포구 영등포동4가 442 번지 경방 타임스퀘어 4~7층,1544-1122,http://www.cgv.co.kr/
경상남도,김해시,007077,CGV 김해장유,6,742,0,6,1,0,0,상설,,가입,CJ올리브네트웍스(주),2017-01-25,영업,위탁,경상남도 김해시 대청동 302-5 번지 CGV 김해장유,,
서울시,중랑구,001236,CGV 상봉,7,"1,155",0,7,3,1,0,상설,,가입,CJ올리브네트웍스(주),2016-02-25,영업,직영,서울특별시 중랑구 상봉동 501 번지 상봉듀오트리스 B2F,1544-1122,
서울시,강북구,001124,CGV 미아,6,691,0,6,3,0,0,상설,,가입,CJ올리브네트웍스(주),2007-04-01,영업,직영,서울특별시 강북구 미아동 35-4 번지 트레지오쇼핑몰 9층,1544-1122,http://www.cgv.co.kr/
부산시,부산진구,001286,CGV 서면상상마당,6,658,0,6,0,0,0,상설,,가입,CJ올리브네트웍스(주),2021-12-22,영업,직영,부산광역시 부산진구 부전동 521-1 번지 KT&G 상상마당부산 8~12층,,https://www.cgv.co.kr
전라남도,목포시,009064,CGV 목포평화광장,8,"1,297",0,8,2,0,0,상설,,가입,CJ올리브네트웍스(주),2018-07-27,영업,직영,전라남도 목포시 상동 1129-6 번지 CGV 목포평화광장,,www.cgv.co.kr
제주도,제주시,010016,CGV 제주노형,6,853,0,6,2,0,0,상설,,가입,CJ올리브네트웍스(주),2017-09-13,영업,직영,제주특별자치도 제주시 노형동 1288-5 번지 노형타워 5층,,
대구시,중구,012045,CGV 대구아카데미,8,"1,372",0,8,0,0,0,상설,,가입,CJ올리브네트웍스(주),2014-01-24,영업,직영,대구광역시 중구 남일동 65-1 번지 아카데미시네마 3층-8층,1544-1122,http://www.cgv.co.kr
서울시,종로구,001127,CGV 대학로,10,"1,972",0,8,3,0,0,상설,,가입,CJ올리브네트웍스(주),2007-07-20,영업,직영,서울특별시 종로구 명륜2가 41-9 번지 판타지움빌딩 1층,1544-1122,http://www.cgv.co.kr
광주시,동구,016047,CGV 광주금남로,9,950,0,9,2,0,0,상설,,가입,CJ올리브네트웍스(주),2019-04-26,영업,직영,광주광역시 동구 불로동 1-21 번지 2층,,
충청북도,청주시,004043,CGV 청주율량,11,"1,535",0,11,3,0,0,상설,,가입,CJ올리브네트웍스(주),2018-11-28,영업,직영,충청북도 청주시 상당구 율량동 500-3 번지 그랜드 프라자 청주 3관 2층,,
경기도,남양주시,002308,씨네큐 남양주다산점,6,348,0,0,0,0,0,상설,,가입,(주)씨네큐,2023-12-28,영업,위탁,3층 씨네큐 영화관,032-433-1230,https://www.cineq.co.kr/
서울시,강남구,001242,픽처하우스,1,59,0,1,0,0,0,상설,,가입,문화인,2017-01-11,영업,직영,서울특별시 강남구 신사동 532-1 번지 대원빌딩 B2,,
충청남도,천안시,005043,CGV 천안펜타포트,11,"1,419",0,11,5,1,0,상설,,가입,CJ올리브네트웍스(주),2013-03-01,영업,직영,충청남도 천안시 서북구 불당동 1289 번지 펜타포트 주상복합상가 5F,1544-1122,http://www.cgv.co.kr/
경기도,부천시,002150,CGV 소풍,11,"1,768",1,11,2,0,1,상설,,가입,CJ올리브네트웍스(주),2013-07-01,영업,직영,"경기도 부천시 원미구 상동 539-1 번지 소풍6층, 7층",1544-1122,http://www.cgv.co.kr
대전시,동구,013026,CGV 대전터미널,7,"1,385",0,8,2,1,0,상설,,가입,CJ올리브네트웍스(주),2011-12-22,영업,직영,대전광역시 동구 용전동 63-3 번지,1544-1122,http://www.cgv.co.kr
강원도,인제군,003212,CGV 인제,3,510,0,3,0,0,0,상설,,가입,CJ올리브네트웍스(주),2018-09-22,영업,위탁,강원도 인제군 인제읍 388 번지,,
경기도,평택시,002176,CGV 평택,8,"1,287",0,8,5,1,1,상설,,가입,CJ올리브네트웍스(주),2009-04-24,영업,직영,"경기도 평택시 평택동 185-579 번지 (평택동, 평택민자역사 8층)",1544-1122,http://www.cgv.co.kr/
강원도,철원군,003205,철원작은영화관 뚜루,5,352,0,5,4,0,0,상설,,가입,(주)디트릭스,2016-11-17,영업,직영,강원도 철원군 철원읍 988-2 번지,033-458-7053,https://cwg.scinema.org/
서울시,용산구,001208,롯데시네마 용산,8,889,0,8,2,0,0,상설,,가입,롯데컬처웍스(주)롯데시네마,2013-08-01,영업,직영,서울특별시 용산구 한강로3가 16-9 번지 용산전자랜드4~5F,1544-8855,http://www.lottecinema.co.kr/
전라남도,순천시,009020,CGV 순천,8,"1,178",0,8,4,0,0,상설,,가입,CJ올리브네트웍스(주),2010-10-21,영업,직영,전라남도 순천시 장천동 54-1 번지,1544-1122,http://www.cgv.co.kr
서울시,성동구,001274,메가박스 성수,6,871,0,7,0,0,0,상설,,가입,메가박스(주),2019-11-08,영업,직영,서울특별시 성동구 성수동1가 656-335 번지 메가박스 스퀘어 3층,1544-0070,http://www.megabox.co.kr/
경기도,안성시,002236,CGV 안성,8,969,0,8,2,0,0,상설,,가입,CJ올리브네트웍스(주),2018-05-28,영업,위탁,경기도 안성시 석정동 139-1 번지 CGV안성,031-677-3790,
부산시,사하구,011078,롯데시네마 부산장림,6,676,0,6,1,0,0,상설,,가입,롯데컬처웍스(주)롯데시네마,2023-12-13,영업,위탁,,051-715-3232,
경기도,평택시,002140,평택호자동차극장,1,30,0,1,0,0,0,상설,,가입,(주)디트릭스,,영업,직영,경기도 평택시 현덕면 321 번지,031-682-0410,http://ptcarmovie.com
경상북도,포항시,006089,메가박스 포항,7,868,0,7,0,0,0,상설,,가입,메가박스(주),2022-11-08,영업,직영,"경상북도 포항시 남구 상도동 582 번지 7, 8층",1544-0070,http://www.megabox.co.kr
서울시,마포구,001267,메가박스 상암월드컵경기장,9,"1,540",0,9,0,0,0,상설,,가입,메가박스(주),2018-07-02,영업,직영,"서울특별시 마포구 성산동 515 번지 경기장 지하1층, 지상1,2층",02-1544-0070,http://www.megabox.co.kr/
서울시,양천구,001112,메가박스 목동,9,"1,584",0,9,2,0,0,상설,,가입,메가박스(주),2006-04-27,영업,직영,서울특별시 양천구 목동 917-6 번지 행복한백화점 6층 메가박스 목동지점,1544-0070,http://www.megabox.co.kr/
대전시,유성구,013037,메가박스 대전현대아울렛,7,"1,177",0,7,0,0,0,상설,,가입,메가박스(주),2020-06-24,영업,직영,대전광역시 유성구 용산동 579 번지 현대프리미엄아울렛 대전점 3~4층,1544-0070,http://www.megabox.co.kr/
경기도,고양시,002229,메가박스 고양스타필드,9,"1,214",0,9,0,0,0,상설,,가입,메가박스(주),2017-08-17,영업,직영,경기도 고양시 덕양구 동산동 370 번지 스타필드고양 4층,1544-0070,http://www.megabox.co.kr
강원도,원주시,003204,메가박스 원주혁신,9,673,0,9,1,0,0,상설,,가입,메가박스(주),2016-09-28,영업,위탁,강원도 원주시 반곡동 1903-3 번지 센트럴파크 7층,1544-0070,www.megabox.co.kr
대구시,달성군,012055,롯데시네마 대구현풍,6,734,0,6,1,0,0,상설,,가입,롯데컬처웍스(주)롯데시네마,2019-06-12,영업,위탁,대구광역시 달성군 현풍면 중리 490 번지 4층 롯데시네마,,
경기도,수원시,002306,메가박스 수원인계,7,577,0,0,0,0,0,상설,,가입,메가박스(주),2023-11-17,영업,직영,경기도 수원시 팔달구 인계동 1125-1 번지 파비오더씨타,02-1544-0070,http://www.megabox.co.kr/
경기도,화성시,002305,씨네Q 동탄,5,270,0,5,0,0,0,상설,,가입,(주)씨네큐,2023-11-17,영업,위탁,경기도 화성시 영천동 844-1 번지 M동 B201호,070-4333-4334,
경기도,화성시,002185,CGV 동탄,8,"1,402",0,8,5,0,0,상설,,가입,CJ올리브네트웍스(주),2010-12-23,영업,직영,경기도 화성시 반송동 96 번지 메타폴리스 A블럭 3층,1544-1122,http://www.cgv.co.kr
경기도,김포시,002304,포포시네마,2,110,0,2,0,0,0,상설,,가입,(주)디트릭스,2023-11-03,영업,직영,,070-4800-6068,https://www.monoplex.com
경기도,화성시,002299,CGV 동탄그랑파사쥬,7,517,0,7,0,0,0,상설,,가입,CJ올리브네트웍스(주),2023-05-20,영업,위탁,"경기도 화성시 송동 725-1 번지 더샵 동탄센텀폴리스 1,2단지 5,6층",031-372-5064,https://www.cgv.co.kr
제주도,제주시,010017,메가박스 제주삼화지점,5,372,0,5,1,0,0,상설,,가입,메가박스(주),2018-10-24,영업,위탁,제주특별자치도 제주시 삼양이동 1477-8 번지,064-755-5800,
경기도,광명시,002289,메가박스 광명소하,6,474,0,6,0,0,0,상설,,가입,메가박스(주),2022-07-05,영업,위탁,경기도 광명시 소하동 1344 번지 광명G타워 지하1층~지하2층,1544-0070,https://www.megabox.co.kr
울산시,동구,014003,현대예술관시네마,5,"1,744",2,5,0,0,0,상설,,가입,현대중공업(주),2008-06-13,영업,직영,울산광역시 동구 서부동 110-1 번지,052-209-7812,http://
서울시,강남구,001003,메가박스 코엑스,20,"3,447",0,20,3,0,0,상설,,가입,메가박스(주),2000-05-13,영업,직영,서울특별시 강남구 삼성동 159 번지,1544-0070,http://www.megabox.co.kr/
서울시,서대문구,001282,라이카시네마,1,40,0,1,0,0,0,상설,,가입,(주)디트릭스,2021-01-13,영업,직영,서울특별시 서대문구 연희동 194-25 번지 스페이스독 지하1층,070-7780-0963,www.laikacinema.com
제주도,서귀포시,010023,메가박스 제주서귀포점,3,95,0,3,0,0,0,상설,,가입,메가박스(주),2023-09-20,영업,위탁,제주특별자치도 서귀포시 동홍동 1372-1 번지,02-1544-0070,http://www.megabox.co.kr/
울산시,중구,014009,메가박스 울산,8,"1,141",0,8,1,0,0,상설,,가입,메가박스(주),2004-12-23,영업,위탁,울산광역시 중구 성남동 251-8 번지 2층,1544-0070,http://www.megabox.co.kr/
충청북도,제천시,004052,제천 의림지 자동차 극장,1,92,0,1,0,0,0,상설,,가입,문화인,2023-09-27,영업,직영,충청북도 제천시 모산동 203-13 번지,043-641-4933,jucc.moonhwain.net
서울시,성동구,001154,CGV 왕십리,11,"2,368",0,10,9,1,1,상설,,가입,CJ올리브네트웍스(주),2008-12-24,영업,직영,서울특별시 성동구 행당동 168-151 번지 (왕십리 민자역사 5층),1544-1122,http://www.cgv.co.kr
충청북도,영동군,004038,영동 레인보우 영화관,2,97,0,2,1,0,0,상설,,가입,(주)디트릭스,2016-10-13,영업,직영,충청북도 영동군 영동읍 679-4 번지 영동 레인보우 영화관,043-743-7718,https://yeongdong.scinema.kr/
경기도,오산시,002114,롯데시네마 오산(원동),5,375,0,6,1,0,0,상설,,가입,롯데컬처웍스(주)롯데시네마,2006-06-27,영업,위탁,경기도 오산시 원동 300-8 번지 씨네마아울렛 5층,1544-0070,http://www.lottecinema.co.kr
전라북도,장수군,008238,장수 한누리영화관,2,90,0,2,1,0,0,상설,,가입,(주)디트릭스,2023-08-04,영업,위탁,전라북도 장수군 장수읍 474 번지 장수한누리전당 가람관 1층,063-353-7718,https://jangsu.scinema.kr/
경기도,안양시,002204,롯데시네마 평촌(범계역),7,"1,492",0,7,4,1,0,상설,,가입,롯데컬처웍스(주)롯데시네마,2012-03-29,영업,직영,경기도 안양시 동안구 호계동 1039 번지,1544-8855,http://www.lottecinema.co.kr/
경상남도,의령군,007095,의령도깨비영화관,2,100,0,2,1,0,0,상설,,가입,(주)디트릭스,2023-07-26,영업,위탁,경상남도 의령군 의령읍 712 번지,055-573-7718,https://uiryeong.scinema.kr/
경기도,수원시,002303,메가박스 수원AK플라자,8,"1,918",0,0,0,0,0,상설,,가입,메가박스(주),2023-08-11,영업,직영,"경기도 수원시 팔달구 매산로1가 18 번지 (매산로1가, 수원역사 6층)",02-1544-0070,http://www.megabox.co.kr/
경기도,파주시,002302,롯데시네마 파주롯데아울렛,7,924,0,7,0,0,0,상설,,가입,롯데컬처웍스(주)롯데시네마,2023-07-29,영업,위탁,,,
제주도,서귀포시,010022,씨네라운지,2,36,0,2,0,0,0,상설,,가입,(주)디트릭스,2023-07-26,영업,직영,제주도 서귀포시 안덕면 서광리 635-21 번지 신화월드 메리어트관 G층,064-908-1247,www.monoplex.com
경기도,동두천시,002301,CGV 동두천,4,346,0,4,4,0,0,상설,,가입,CJ올리브네트웍스(주),2023-08-09,영업,위탁,경기도 동두천시 생연동 483-030 번지 364-1,,
경기도,용인시,002125,CGV 신세계경기,6,666,0,7,2,1,0,상설,,가입,CJ올리브네트웍스(주),2007-03-22,영업,직영,경기도 용인시 수지구 죽전동 1285 번지 신세계백화점 8층,1544-1122,http://www.cgv.co.kr
경기도,가평군,002283,조종시네마,2,99,0,2,0,0,0,상설,,가입,(주)디트릭스,2021-12-24,영업,위탁,경기도 가평군 조종면 410-6 번지 3층,02-323-1718,www.olcinema.co.kr
대구시,동구,012051,메가박스 대구신세계,6,901,0,6,2,0,0,상설,,가입,메가박스(주),2016-12-15,영업,직영,대구광역시 동구 신천동 1506 번지 신세계백화점 8층,1544-0070,http://www.megabox.co.kr/
경기도,구리시,002300,CGV 구리갈매,6,492,0,6,1,0,0,상설,,가입,CJ올리브네트웍스(주),2023-07-14,영업,위탁,경기도 구리시 갈매동 552-4 번지 B2F,1544-1122,https://www.cgv.co.kr
서울시,강남구,001169,메가박스 강남대로(씨티),2,470,0,4,2,0,0,상설,,가입,메가박스(주),2016-06-09,영업,위탁,서울특별시 강남구 역삼동 816 번지,,
서울시,강남구,001293,씨티극장,2,249,0,2,0,0,0,상설,,가입,(주)디트릭스,,영업,직영,서울특별시 강남구 역삼동 816 번지 지하 3층,,
광주시,동구,016042,CGV 광주충장로,5,652,0,5,0,0,0,상설,,가입,CJ올리브네트웍스(주),2017-01-26,영업,위탁,광주광역시 동구 충장로4가 29-2 번지 NC웨이브 11층,1544-1122,https://www.cgv.co.kr
광주시,광산구,016045,롯데시네마 광주광산,8,733,0,8,1,0,0,상설,,가입,롯데컬처웍스(주)롯데시네마,2018-04-19,영업,위탁,광주광역시 광산구 우산동 1597-1 번지,1544-8855,https://www.lottecinema.co.kr
대전시,대덕구,013039,소소아트시네마,1,58,0,1,0,0,0,상설,,가입,(주)에스아이티랩,2023-05-31,영업,직영,대전광역시 대덕구 오정동 172-5 번지 3층,042-623-1623,sosoartcinema.tistory.com
경기도,양평군,002189,양평시네마,1,152,0,1,0,0,0,상설,,가입,(주)유유코리아,1994-10-29,영업,직영,경기도 양평군 양평읍 422-2 번지,031-771-2154,http://www.ypcinema.com
전라남도,진도군,009056,진도아리랑 시네마,2,98,0,2,1,0,0,상설,,가입,(주)디트릭스,2017-07-20,영업,직영,전라남도 진도군 진도읍 1140 번지 진도아리랑 시네마,061-544-7790,https://jindo.littlecinema.co.kr/
경기도,포천시,002248,포천자동차극장,2,60,0,2,0,0,0,상설,,가입,(주)디트릭스,,영업,직영,경기도 포천시 소흘읍 41 번지,031-541-5442,http://www.pocheoncarmovie.co.kr/
경기도,양주시,002257,장흥자동차극장,2,45,0,2,0,0,0,상설,,가입,문화인,2019-09-13,영업,직영,경기도 양주시 장흥면 44-18 번지,,
충청북도,청원군,004019,오송자동차극장,1,17,0,1,0,0,0,상설,,가입,(주)디트릭스,,영업,직영,충청북도 청원군 강외면 서평리 600-4 번지,043-238-0590,
강원도,강릉시,003209,강릉자동차극장,1,30,0,1,0,0,0,상설,,가입,문화인,2017-07-19,영업,직영,강원도 강릉시 구정면 478-132 번지,033-645-7200,www.강릉자동차극장.com
부산시,사하구,011053,CGV 하단아트몰링,7,750,0,7,1,0,0,상설,,가입,CJ올리브네트웍스(주),2017-03-03,영업,위탁,부산광역시 사하구 하단동 526-6 번지 CGV 하단아트몰링,1544-1122,https://www.cgv.co.kr
인천시,서구,015070,CGV 인천가정,4,515,0,4,0,0,0,상설,,가입,CJ올리브네트웍스(주),2023-04-28,영업,직영,"인천광역시 서구 가정동 0 번지 루원지웰시티푸르지오 상가동 지하1층, CGV 인천가정",1544-1122,https://www.cgv.co.kr
부산시,기장군,011063,CGV 정관,9,627,0,9,1,0,0,상설,,가입,CJ올리브네트웍스(주),2017-12-21,영업,위탁,부산광역시 기장군 정관읍 717-6 번지 조은플러스 10층 CGV,051-717-3850,https://www.cgv.co.kr
경상남도,함안군,007094,함안군 작은영화관,2,98,0,2,1,0,0,상설,,가입,(주)디트릭스,2023-05-03,영업,위탁,경상남도 함안군 가야읍 58-132 번지 함안군 작은영화관,02-2214-7718,haman.scinema.kr
경상남도,창원시 성산구,007036,메가박스 창원,7,508,0,7,0,0,0,상설,,가입,메가박스(주),2005-07-02,영업,위탁,경상남도 창원시 성산구 중앙동 99-1 번지 메가플렉스 8층,1544-0070,http://www.megabox.co.kr/
경기도,남양주시,002297,CGV 남양주 화도,7,538,0,7,0,0,0,상설,,가입,CJ올리브네트웍스(주),2023-05-03,영업,위탁,경기도 남양주시 화도읍 녹촌리 산19 번지 해동본타워,1544-1122,https://www.cgv.co.kr
경기도,고양시,002296,CGV 고양백석,7,"1,130",0,7,0,0,0,상설,,가입,CJ올리브네트웍스(주),2023-04-28,영업,직영,경기도 고양시 일산동구 백석동 1242 번지 고양종합터미널 5~7F CGV 고양백석,1544-1122,https://www.cgv.co.kr
충청남도,아산시,005073,CGV 아산,6,636,0,6,1,0,0,상설,,가입,CJ올리브네트웍스(주),2023-01-13,영업,위탁,"충청남도 아산시 온천동 79-1 번지 아산시네파크 CGV아산 5,6층",1544-1122,https://www.cgv.co.kr
부산시,영도구,011077,CGV 드라이브 인 영도,1,142,0,1,0,0,0,상설,,가입,CJ올리브네트웍스(주),2023-04-27,영업,위탁,부산광역시 영도구 동삼동 19-2 번지,051-405-8745,http://www.cgv.co.kr
서울시,광진구,001251,CGV 건대입구,5,754,0,5,2,0,0,상설,,가입,CJ올리브네트웍스(주),2018-01-30,영업,직영,서울특별시 광진구 자양동 9-4 번지 몰오브케이 3층,1544-1122,http://www.cgv.co.kr
대구시,동구,012032,롯데시네마 대구율하,6,"1,394",0,6,3,0,0,상설,,가입,롯데컬처웍스(주)롯데시네마,2010-07-15,영업,직영,대구광역시 동구 율하동 1117 번지,1544-8855,http://www.lottecinema.co.kr/
서울시,광진구,001121,롯데시네마 건대입구,10,"2,138",0,11,5,0,0,상설,,가입,롯데컬처웍스(주)롯데시네마,2007-01-26,영업,직영,서울특별시 광진구 자양동 227-7 번지,1544-8855,http://www.lottecinema.co.kr/
제주도,제주시,010021,롯데시네마 제주연동,6,755,0,6,2,0,0,상설,,가입,롯데컬처웍스(주)롯데시네마,2022-12-09,영업,직영,제주특별자치도 제주시 연동 1454 번지 롯데시네마 제주연동(나인몰) B1F,02-1544-8855,http://www.lottecinema.co.kr/
경상남도,양산시,007076,롯데시네마 양산물금,5,454,0,5,1,0,0,상설,,가입,롯데컬처웍스(주)롯데시네마,2016-12-20,영업,위탁,경상남도 양산시 물금읍 1269-13 번지 큐엠시네마타워 4층,1544-8855,https://www.lottecinema.co.kr
경상남도,김해시,007065,롯데시네마 김해아울렛,6,"1,023",0,6,2,0,0,상설,,가입,롯데컬처웍스(주)롯데시네마,2013-06-28,영업,직영,경상남도 김해시 신문동 1414 번지 롯데아울렛 신관 4층,1544-8855,http://www.lottecinema.co.kr
경상남도,사천시,007071,롯데시네마 사천,6,629,0,6,1,0,0,상설,,가입,롯데컬처웍스(주)롯데시네마,2015-09-15,영업,위탁,경상남도 사천시 사천읍 331 번지,,
경상남도,통영시,007055,롯데시네마 통영,7,858,0,7,2,0,0,상설,,가입,롯데컬처웍스(주)롯데시네마,2010-04-02,영업,위탁,경상남도 통영시 무전동 986 번지,1544-8855,http://www.lottecinema.co.kr/
경상남도,진주시,007082,롯데시네마 엠비씨네(진주),9,943,0,9,3,0,0,상설,,가입,롯데컬처웍스(주)롯데시네마,2018-12-07,영업,위탁,경상남도 진주시 가좌동 700-1 번지 롯데시네마 진주엠비씨네,02-1544-8855,https://www.lottecinema.co.kr
경상남도,창원시 성산구,007012,롯데시네마 창원,7,"1,319",0,7,4,0,0,상설,,가입,롯데컬처웍스(주)롯데시네마,2002-02-28,영업,직영,경상남도 창원시 성산구 상남동 79 번지,1544-8855,http://www.lottecinema.co.kr/
경상북도,상주시,006084,롯데시네마 상주,4,471,0,4,0,0,0,상설,,가입,롯데컬처웍스(주)롯데시네마,2020-01-21,영업,위탁,경상북도 상주시 서문동 140-2 번지,,www.lottecinema.co.kr
경상북도,영천시,006088,롯데시네마 영천,6,612,0,6,2,0,0,상설,,가입,롯데컬처웍스(주)롯데시네마,2021-09-09,영업,위탁,경상북도 영천시 완산동 1402 번지 고은스퀘어 2층 롯데시네마 영천,054-337-0740,http://www.lottecinema.co.kr
경상북도,구미시,006038,롯데시네마 구미공단,8,"1,204",0,8,2,0,0,상설,,가입,롯데컬처웍스(주)롯데시네마,2006-04-27,영업,직영,"경상북도 구미시 공단동 253-2 번지 4층일부,5~7층전체",1544-8855,http://www.lottecinema.co.kr/
경상북도,구미시,006079,롯데시네마 프리미엄구미센트럴,7,513,0,7,0,0,0,상설,,가입,롯데컬처웍스(주)롯데시네마,2018-08-08,영업,위탁,경상북도 구미시 원평동 147-9 번지 5층 롯데시네마 사무실,1544-8855,
경상북도,안동시,006035,롯데시네마 프리미엄 안동,5,343,0,5,1,0,0,상설,,가입,롯데컬처웍스(주)롯데시네마,2014-04-16,영업,위탁,경상북도 안동시 옥동 734 번지 A동 401/501호 (옥동 테마프라자),1544-8855,http://lottecinama.co.kr
경상남도,김해시,007031,CGV 김해,9,"1,531",0,9,4,1,0,상설,,가입,CJ올리브네트웍스(주),2005-03-12,영업,직영,경상남도 김해시 내동 1131-4 번지 휴앤락몰 4층,1544-1122,http://www.cgv.co.kr
경상북도,경주시,006062,롯데시네마 경주,2,279,0,2,1,0,0,상설,,가입,롯데컬처웍스(주)롯데시네마,2012-01-13,영업,위탁,경상북도 경주시 노동동 73-2 번지 2층,1544-8855,http://www.lottecinema.co.kr/
경상북도,포항시,006036,롯데시네마 포항,8,712,0,8,0,0,0,상설,,가입,롯데컬처웍스(주)롯데시네마,2009-04-21,영업,위탁,경상북도 포항시 북구 대흥동 563-3 번지 3층~9층,1544-8855,http://www.lottecinema.co.kr/
전라북도,전주시,008226,CGV 전주고사,8,"1,275",0,8,4,1,0,상설,,가입,CJ올리브네트웍스(주),2016-02-03,영업,직영,전라북도 전주시 완산구 고사동 355-1 번지,1544-1122,
전라북도,군산시,008041,롯데시네마 군산나운,7,"1,085",0,7,2,0,0,상설,,가입,롯데컬처웍스(주)롯데시네마,2017-11-01,영업,직영,전라북도 군산시 나운동 114-34 번지 롯데시네마,,
전라북도,전주시,008020,롯데시네마 전주(백화점),8,"1,632",0,8,4,0,0,상설,,가입,롯데컬처웍스(주)롯데시네마,2004-05-28,영업,직영,전라북도 전주시 완산구 서신동 971 번지 롯데백화점 7층,1544-8855,http://www.lottecinema.co.kr/
충청남도,당진군,005068,롯데시네마 당진,7,704,0,7,2,0,0,상설,,가입,롯데컬처웍스(주)롯데시네마,2020-12-10,영업,위탁,"충청남도 당진시 수청동 1041 번지 7,8,9층",070-1811-7707,
충청남도,서산시,005039,롯데시네마 서산,7,945,0,7,3,0,0,상설,,가입,롯데컬처웍스(주)롯데시네마,2011-04-28,영업,위탁,충청남도 서산시 동문동 193-1 번지,1544-8855,http://www.lottecinema.co.kr/
충청북도,충주시,004047,롯데시네마 충주,5,746,0,5,1,0,0,상설,,가입,롯데컬처웍스(주)롯데시네마,2019-09-19,영업,위탁,,,
충청북도,청주시,004039,롯데시네마 청주용암,8,"1,282",0,8,2,0,0,상설,,가입,롯데컬처웍스(주)롯데시네마,2016-11-25,영업,직영,충청북도 청주시 상당구 용암동 1703 번지,1544-8855,https://www.lottecinema.co.kr
서울시,영등포구,001104,롯데시네마 영등포,7,"1,328",0,7,4,0,0,상설,,가입,롯데컬처웍스(주)롯데시네마,2005-04-29,영업,직영,서울특별시 영등포구 영등포동 618-496 번지 A동 7~9층,1544-8855,http://www.lottecinema.co.kr/
강원도,동해시,003042,롯데시네마 동해,5,719,0,5,1,0,0,상설,,가입,롯데컬처웍스(주)롯데시네마,2009-02-22,영업,직영,강원도 동해시 천곡동 864 번지,1544-8855,http://www.lottecinema.co.kr/
강원도,원주시,003024,롯데시네마 남원주,7,687,0,7,1,0,0,상설,,가입,롯데컬처웍스(주)롯데시네마,2005-10-28,영업,위탁,"강원도 원주시 단구동 1511-2 번지 스타월드 5,6층",1544-8855,http://www.lottecinema.co.kr/
강원도,춘천시,003198,롯데시네마 춘천,6,448,0,6,0,0,0,상설,,가입,롯데컬처웍스(주)롯데시네마,2014-05-01,영업,위탁,강원도 춘천시 죽림동 189 번지,1544-1122,
경기도,화성시,002224,롯데시네마 향남,5,680,0,5,2,0,0,상설,,가입,롯데컬처웍스(주)롯데시네마,2016-09-26,영업,직영,경기도 화성시 향남읍 하길리 1410-1 번지 701호,02-1544-8855,http://www.lottecinema.co.kr
경기도,화성시,002276,롯데시네마 동탄,6,"1,117",0,6,2,0,0,상설,,가입,롯데컬처웍스(주)롯데시네마,2021-08-18,영업,직영,경기도 화성시 오산동 967-157 번지 롯데백화점 7층 롯데시네마 동탄,02-1544-8855,www.lottecinema.co.kr
경기도,안성시,001207,롯데시네마 안성,2,164,0,2,0,0,0,상설,,가입,롯데컬처웍스(주)롯데시네마,2013-07-19,영업,위탁,경기도 안성시 공도읍 306 번지,1544-8855,www.lottecinema.co.kr
경기도,파주시,002225,롯데시네마 파주운정,7,"1,238",0,7,2,0,0,상설,,가입,롯데컬처웍스(주)롯데시네마,2016-12-22,영업,직영,경기도 파주시 목동동 927 번지 17 홈플러스 3층,02-3470-3499,www.lottecinema.co.kr
경기도,용인시,002246,롯데시네마 용인역북,7,"1,002",0,7,2,0,0,상설,,가입,롯데컬처웍스(주)롯데시네마,2019-01-16,영업,직영,경기도 용인시 처인구 역북동 802 번지 더와이스퀘어 5층(역북동),,
경기도,용인시,002251,롯데시네마 수지,8,"1,331",0,8,4,0,0,상설,,가입,롯데컬처웍스(주)롯데시네마,2019-08-29,영업,직영,경기도 용인시 수지구 성복동 789 번지 롯데몰 수지점 5층,,
경기도,하남시,002275,롯데시네마 하남미사,8,890,0,8,1,0,0,상설,,가입,롯데컬처웍스(주)롯데시네마,2021-08-18,영업,위탁,경기도 하남시 덕풍동 831-1 번지 지하 1층,1544-8855,http://www.lottecinema.co.kr
경기도,시흥시,002282,롯데시네마 시흥장현,5,652,0,5,2,0,0,상설,,가입,롯데컬처웍스(주)롯데시네마,2021-12-15,영업,직영,경기도 시흥시 능곡동 235-1 번지 6F 롯데시네마 시흥장현,02-1544-8855,http://www.lottecinema.co.kr
경기도,시흥시,002182,롯데시네마 시화,8,524,0,8,0,0,0,상설,,가입,롯데컬처웍스(주)롯데시네마,2011-11-06,영업,위탁,경기도 시흥시 정왕동 2327-2 번지,1544-8855,http://www.lottecinema.co.kr/
경기도,남양주시,002035,롯데시네마 마석,2,172,0,2,1,0,0,상설,,가입,롯데컬처웍스(주)롯데시네마,2013-06-27,영업,직영,경기도 남양주시 화도읍 255-24 번지 롯데마트 마석점,1544-8855,www.lottecinema.co.kr
경기도,남양주시,002272,롯데시네마 별내,5,775,0,5,2,0,0,상설,,가입,롯데컬처웍스(주)롯데시네마,2021-05-01,영업,직영,경기도 남양주시 별내동 1005 번지 지하 1~2층,02-1544-8855,http://www.lottecinema.co.kr
경기도,구리시,002055,롯데시네마 구리아울렛,7,"1,115",0,7,2,0,0,상설,,가입,롯데컬처웍스(주)롯데시네마,2014-12-24,영업,직영,경기도 구리시 인창동 419-7 번지 6~8층 롯데시네마,1544-8855,
경기도,고양시,002199,롯데시네마 주엽,6,474,0,9,0,0,0,상설,,가입,롯데컬처웍스(주)롯데시네마,2011-10-31,영업,위탁,경기도 고양시 일산서구 주엽동 22 번지 그랜드백화점일산점 10층,1544-8855,http://www.lottecinema.co.kr/
강원도,춘천시,003039,CGV 춘천,12,"1,714",0,14,5,0,1,상설,,가입,CJ올리브네트웍스(주),2008-02-28,영업,직영,강원도 춘천시 퇴계동 1017 번지,1544-1122,www.cgv.co.kr
경기도,고양시,002059,롯데시네마 라페스타(일산),8,745,0,8,0,0,0,상설,,가입,롯데컬처웍스(주)롯데시네마,2003-07-17,영업,위탁,경기도 고양시 일산동구 장항동 764 번지 라페스타 C 3층,1544-8855,http://www.lottecinema.co.kr/
경기도,안산시,002107,롯데시네마 안산(롯데마트)_Charlotte관,1,32,0,1,0,0,0,상설,,가입,롯데컬처웍스(주)롯데시네마,2005-09-07,영업,직영,경기도 안산시 상록구 성포동 590 번지 롯데마트 안산점 4층,1544-8855,http://www.lottecinema.co.kr/
경기도,안산시,002106,롯데시네마 안산,7,"1,575",0,7,3,0,0,상설,,가입,롯데컬처웍스(주)롯데시네마,2005-09-06,영업,직영,경기도 안산시 상록구 성포동 590 번지 롯데마트 안산점 4층 (성포동 590),1544-8855,http://www.lottecinema.co.kr/
경기도,안산시,002068,롯데시네마 안산고잔,7,"1,788",0,7,2,0,0,상설,,가입,롯데컬처웍스(주)롯데시네마,2015-07-17,영업,직영,경기도 안산시 단원구 고잔동 717-2 번지,,
경기도,안산시,002124,롯데시네마 센트럴락(안산),9,"1,429",0,9,3,0,0,상설,,가입,롯데컬처웍스(주)롯데시네마,2007-02-01,영업,직영,경기도 안산시 단원구 고잔동 539-2 번지 7~10층,1544-8855,http://www.lottecinema.co.kr/
경기도,평택시,002175,롯데시네마 송탄,5,932,0,5,2,0,0,상설,,가입,롯데컬처웍스(주)롯데시네마,2008-09-06,영업,직영,경기도 평택시 서정동 818-36 번지,1544-8855,http://www.lottecinema.co.kr/
경기도,부천시,002212,롯데시네마 부천역,9,806,0,9,1,0,0,상설,,가입,롯데컬처웍스(주)롯데시네마,2013-02-28,영업,위탁,경기도 부천시 원미구 심곡동 175-6 번지,1544-8855,http://www.lottecinema.co.kr/
경상남도,진주시,007030,메가박스 진주중안,9,907,0,9,1,0,0,상설,,가입,메가박스(주),2004-12-02,영업,위탁,경상남도 진주시 중안동 12-13 번지 4층,1544-0070,http://www.megabox.co.kr/
경상남도,사천시,007079,메가박스 삼천포,3,90,0,3,3,0,0,상설,,가입,메가박스(주),2017-07-19,영업,위탁,경상남도 사천시 실안동 1265 번지 아르떼 리조트 본관 4층,1544-0070,http://www.megabox.co.kr/
경상남도,창원시 마산회원구,007087,메가박스 창원내서,5,497,0,5,0,0,0,상설,,가입,메가박스(주),2020-06-24,영업,직영,경상남도 창원시 마산회원구 내서읍 1043-1 번지 10층,1544-0070,http://www.megabox.co.kr/
경상북도,예천군,006083,메가박스 경북도청,6,471,0,6,1,0,0,상설,,가입,메가박스(주),2019-08-23,영업,위탁,경상북도 예천군 호명면 산합리 1430 번지 3층,1544-0070,http://www.megabox.co.kr/
경기도,부천시,002045,CGV 부천역,8,"1,119",0,8,1,0,0,상설,,가입,CJ올리브네트웍스(주),2014-06-05,영업,직영,경기도 부천시 원미구 심곡동 383-1 번지 심곡동 시네마존 6층~8층,1544-1122,http://www.cgv.co.kr
경상북도,경산시,006070,메가박스 경산하양,5,573,0,5,1,0,0,상설,,가입,메가박스(주),2016-10-26,영업,위탁,경상북도 경산시 하양읍 607 번지,053-782-7458,http://www.megabox.co.kr/
경상북도,문경시,006065,메가박스 문경,3,259,0,3,0,0,0,상설,,가입,메가박스(주),2015-09-24,영업,직영,경상북도 문경시 모전동 859-2 번지 홈플러스 1층,1544-0070,http://www.megabox.co.kr
경상북도,구미시,006064,메가박스 구미강동,6,976,0,6,2,0,0,상설,,가입,메가박스(주),2012-12-22,영업,직영,경상북도 구미시 진평동 1023-2 번지 시네마월드 7층,1544-0070,http://www.megabox.co.kr/
경상북도,경주시,006006,메가박스 경주,3,359,0,3,0,0,0,상설,,가입,메가박스(주),2010-08-01,영업,위탁,경상북도 경주시 노동동 55-1 번지,1544-0070,http://www.megabox.co.kr/
경기도,안양시,002019,롯데시네마 안양(안양역),7,"1,114",0,7,3,0,0,상설,,가입,롯데컬처웍스(주)롯데시네마,2002-05-10,영업,직영,경기도 안양시 만안구 안양동 88-1 번지,1544-8855,http://www.lottecinema.co.kr/
경기도,안양시,002036,롯데시네마 인덕원,6,916,0,6,0,0,0,상설,,가입,롯데컬처웍스(주)롯데시네마,2013-10-29,영업,위탁,경기도 안양시 동안구 관양동 1502-6 번지 아이퍼스트타워 7층,1544-8855,www.lottetcinema.co.kr
경기도,안양시,002179,CGV 평촌,10,"1,391",0,10,3,0,0,상설,,가입,CJ올리브네트웍스(주),2014-06-03,영업,직영,경기도 안양시 동안구 관양동 1606 번지 8층,1544-1122,http://www.cgv.co.kr/
경기도,안양시,002205,롯데시네마 평촌(범계역)_Charlotte관,1,30,0,1,0,0,0,상설,,가입,롯데컬처웍스(주)롯데시네마,2012-03-29,영업,직영,경기도 안양시 동안구 호계동 1039 번지,1544-8855,http://www.lottecinema.co.kr/
경기도,성남시,002075,CGV 판교,7,"1,282",0,7,4,1,1,상설,,가입,CJ올리브네트웍스(주),2015-08-20,영업,직영,경기도 성남시 분당구 백현동 541 번지 현대백화점 8층,1544-1122,www.cgv.co.kr
경기도,성남시,002213,롯데시네마 판교,7,"1,087",0,7,2,0,0,상설,,가입,롯데컬처웍스(주)롯데시네마,2021-06-12,영업,직영,경기도 성남시 수정구 시흥동 296-3 번지 파미어스몰 지하 1층 롯데시네마 판교관,02-1544-8855,www.lottecinema.co.kr
경기도,성남시,002244,롯데시네마 성남중앙,9,"1,234",0,9,4,0,0,상설,,가입,롯데컬처웍스(주)롯데시네마,2018-12-27,영업,직영,경기도 성남시 수정구 신흥동 4124 번지 신흥역 시네마타워 8~11층,1544-8855,https://www.lottecinema.co.kr
경기도,수원시,002264,롯데시네마 북수원,5,640,0,5,2,0,0,상설,,가입,롯데컬처웍스(주)롯데시네마,2020-06-18,영업,직영,경기도 수원시 장안구 천천동 516 번지 3층 롯데시네마,,
경기도,수원시,002085,롯데시네마 광교아울렛,6,889,0,6,2,0,0,상설,,가입,롯데컬처웍스(주)롯데시네마,2015-09-04,영업,직영,"경기도 수원시 영통구 이의동 1338 번지 롯데아울렛 광교점 4,5층",,
광주시,서구,016041,CGV 광주상무,13,"2,527",0,14,1,0,0,상설,,가입,CJ올리브네트웍스(주),2014-06-05,영업,직영,광주광역시 서구 치평동 1218-1 번지 프리미엄아울렛 6층,1544-1122,https://www.cgv.co.kr
경기도,수원시,002249,롯데시네마 서수원,6,791,0,6,2,0,0,상설,,가입,롯데컬처웍스(주)롯데시네마,2019-07-16,영업,직영,경기도 수원시 권선구 금곡동 1114-1 번지 리더스빌딩 10층,02-1544-8855,
울산시,남구,014001,롯데시네마 울산(백화점),9,"1,480",0,9,4,1,0,상설,,가입,롯데컬처웍스(주)롯데시네마,2001-08-24,영업,직영,울산광역시 남구 삼산동 1480-1 번지,1544-8855,http://www.lottecinema.co.kr/
인천시,계양구,015024,CGV 계양,8,"1,257",0,8,5,1,0,상설,,가입,CJ올리브네트웍스(주),2006-09-25,영업,직영,인천광역시 계양구 작전동 899-1 번지 8~11층,1544-1122,http://www.cgv.co.kr
대전시,서구,013035,롯데시네마 대전관저,7,"1,067",0,7,2,0,0,상설,,가입,롯데컬처웍스(주)롯데시네마,2019-11-21,영업,직영,대전광역시 서구 관저동 1735 번지 디펠리체 5층 롯데시네마,02-1544-8855,http://www.lottecinema.co.kr
대전시,서구,013007,롯데시네마 대전(백화점),8,"1,144",0,8,2,0,0,상설,,가입,롯데컬처웍스(주)롯데시네마,2000-05-05,영업,직영,대전광역시 서구 괴정동 423-1 번지,1544-8855,http://www.lottecinema.co.kr/
전라남도,순천시,009029,메가박스 순천,7,920,0,7,7,0,0,상설,,가입,메가박스(주),2006-04-28,영업,위탁,전라남도 순천시 덕암동 151 번지 701호,1544-0070,http://www.megabox.co.kr/
전라북도,전주시,008054,메가박스 전주혁신,7,732,0,7,1,0,0,상설,,가입,메가박스(주),2020-11-05,영업,위탁,전라북도 전주시 덕진구 장동 1111 번지 2층,1544-0070,http://www.megabox.co.kr/
전라남도,여수시,009060,메가박스 여수웅천,8,"1,138",0,8,1,0,0,상설,,가입,메가박스(주),2017-12-20,영업,위탁,전라남도 여수시 웅천동 1720-1 번지,1544-0070,http://www.megabox.co.kr/
전라북도,전주시,008022,메가박스 전주송천,8,"1,058",0,8,6,0,0,상설,,가입,메가박스(주),2004-09-24,영업,위탁,전라북도 전주시 덕진구 송천동2가 661-15 번지 메가박스,1544-0070,http://www.megabox.co.kr/
광주시,광산구,016036,롯데시네마 수완,7,"1,397",0,7,4,1,0,상설,,가입,롯데컬처웍스(주)롯데시네마,2012-02-24,영업,직영,광주광역시 광산구 장덕동 1678 번지,1544-8855,http://www.lottecinema.co.kr/
광주시,동구,016040,롯데시네마 충장로,9,693,0,9,8,0,0,상설,,가입,롯데컬처웍스(주)롯데시네마,2013-12-19,영업,위탁,광주광역시 동구 황금동 12-2 번지,1544-8855,http://www.lottecinema.co.kr/
서울시,강서구,001234,롯데시네마 가양,6,444,0,6,0,0,0,상설,,가입,롯데컬처웍스(주)롯데시네마,2015-10-17,영업,위탁,서울특별시 강서구 등촌동 73-1 번지 롯데시네마 가양,070-7434-4064,https://www.lottecinema.co.kr
인천시,부평구,015067,롯데시네마 부평갈산,7,"1,034",0,7,2,0,0,상설,,가입,롯데컬처웍스(주)롯데시네마,2022-04-30,영업,직영,인천광역시 부평구 갈산동 94 번지 U1 테크로밸리 3~5F 롯데시네마 부평갈산,02-1544-8855,http://www.lottecinema.co.kr
충청남도,공주시,005021,메가박스 공주,7,802,0,7,3,0,0,상설,,가입,메가박스(주),2009-07-01,영업,위탁,충청남도 공주시 신관동 248-11 번지,1544-0070,http://www.megabox.co.kr/
강원도,춘천시,003218,메가박스 춘천석사,6,987,0,6,0,0,0,상설,,가입,메가박스(주),2022-06-30,영업,직영,강원도 춘천시 석사동 980 번지 춘천 NH타운_ENTA 2층,1544-0070,https://www.megabox.co.kr/
경기도,양주시,002202,메가박스 양주,4,338,0,4,2,0,0,상설,,가입,메가박스(주),2011-12-27,영업,위탁,경기도 양주시 광사동 651-1 번지 해동센트럴타워 9층,1544-0070,http://www.megabox.co.kr
경기도,화성시,002072,메가박스 동탄,8,716,0,8,2,0,0,상설,,가입,메가박스(주),2015-07-17,영업,위탁,경기도 화성시 반송동 93-2 번지 동탄SR GOLD PLAZA 7층,1544-0070,http://www.megabox.co.kr/
경기도,김포시,002240,메가박스 김포한강신도시,5,712,0,5,1,0,0,상설,,가입,메가박스(주),2018-09-19,영업,직영,경기도 김포시 구래동 6882-4 번지 두원타워 8층,1544-0070,http://www.megabox.co.kr/
경기도,파주시,002097,메가박스 파주출판도시,9,"1,653",0,9,1,0,0,상설,,가입,메가박스(주),2011-11-18,영업,직영,경기도 파주시 문발동 510-1 번지 이채쇼핑몰 C동,1544-0070,http://www.megabox.co.kr/
경기도,파주시,002226,메가박스 파주운정,7,882,0,7,2,0,0,상설,,가입,메가박스(주),2017-01-11,영업,위탁,경기도 파주시 야당동 483-3 번지 에스비프라자 3층,1544-0070,http://www.megabox.co.kr/
대구시,북구,012057,CGV 대구,8,"1,528",0,6,0,1,1,상설,,가입,CJ올리브네트웍스(주),2022-12-30,영업,직영,대구광역시 북구 칠성동2가 20-1 번지,1544-1122,https://www.cgv.co.kr
경기도,용인시,002262,메가박스 용인기흥,6,254,0,6,0,0,0,상설,,가입,메가박스(주),2020-05-11,영업,직영,경기도 용인시 기흥구 고매동 889 번지 리빙파워센터 4층,1544-0070,http://www.megabox.co.kr/
경기도,하남시,002235,메가박스 미사강변,5,250,0,5,0,0,0,상설,,가입,메가박스(주),2018-05-25,영업,위탁,"경기도 하남시 망월동 1079-2 번지 4,5층",1544-0070,http://www.megabox.co.kr/
경기도,군포시,002290,메가박스 금정AK플라자,7,613,0,7,0,0,0,상설,,가입,메가박스(주),2022-07-13,영업,직영,경기도 군포시 금정동 916 번지 AK플라자 금정점 지하1층~지상2층,1544-0070,https://www.megabox.co.kr
경기도,남양주시,002269,메가박스 남양주현대아울렛 스페이스원,8,"1,215",0,8,2,0,0,상설,,가입,메가박스(주),2020-11-04,영업,직영,경기도 남양주시 다산동 6141 번지 3~5층,1544-0070,http://www.megabox.co.kr/
경기도,고양시,002180,메가박스 킨텍스,8,"1,720",0,8,0,0,0,상설,,가입,메가박스(주),2010-09-09,영업,직영,경기도 고양시 일산서구 대화동 2602 번지 레이킨스몰 3층,1544-0070,http://www.megabox.co.kr
경기도,안산시,002087,메가박스 안산중앙,6,371,0,6,0,0,0,상설,,가입,메가박스(주),2010-06-08,영업,위탁,경기도 안산시 단원구 고잔동 535-1 번지 신양복합빌딩 9층,1544-0070,http://www.meganex6.co.kr/
경기도,부천시,002252,메가박스 부천스타필드시티,5,829,0,5,0,0,0,상설,,가입,메가박스(주),2019-09-03,영업,직영,경기도 부천시 옥길동 768 번지,02-1544-0070,http://www.megabox.co.kr/
인천시,부평구,015036,롯데시네마 부평역사,9,"1,290",0,9,2,0,0,상설,,가입,롯데컬처웍스(주)롯데시네마,2008-09-04,영업,직영,"인천광역시 부평구 부평동 738-21 번지 7,8층",1544-8855,http://www.lottecinema.co.kr/
인천시,남구,015058,롯데시네마 인천터미널,4,538,0,4,1,0,0,상설,,가입,롯데컬처웍스(주)롯데시네마,2017-11-25,영업,직영,인천광역시 남구 관교동 15 번지 지하1층 롯데시네마,,
경기도,수원시,002288,메가박스 수원호매실,5,459,0,5,0,0,0,상설,,가입,메가박스(주),2022-05-25,영업,위탁,경기도 수원시 권선구 호매실동 1397-2 번지 아진스퀘어 7~8층,1544-0070,http://www.megabox.co.kr/
세종시,연기군,005038,메가박스 세종(조치원),5,749,0,5,2,0,0,상설,,가입,메가박스(주),2011-03-09,영업,위탁,세종특별자치시 강서구 조치원읍 24-1 번지,1544-0070,http://www.megabox.co.kr/
세종시,연기군,017041,메가박스 세종청사,6,682,0,6,0,0,0,상설,,가입,메가박스(주),2020-06-01,영업,직영,세종특별자치시 북구 어진동 510 번지 엠브릿지 지하 1~2층,1544-0070,http://www.megabox.co.kr/
세종시,연기군,017040,메가박스 세종나성,5,759,0,5,0,0,0,상설,,가입,메가박스(주),2020-01-20,영업,직영,세종특별자치시 나성동 206 번지 4~6층,02-1544-0070,http://www.megabox.co.kr/
부산시,금정구,011057,롯데시네마 오투(부산대),7,"1,049",0,7,2,0,0,상설,,가입,롯데컬처웍스(주)롯데시네마,2015-01-01,영업,직영,부산광역시 금정구 부곡동 298-2 번지,1544-8855,
부산시,해운대구,011025,롯데시네마 프리미엄 해운대(장산역),10,827,0,10,3,0,0,상설,,가입,롯데컬처웍스(주)롯데시네마,2013-12-31,영업,위탁,부산광역시 해운대구 좌동 1479-1 번지 웅신시네아트7층,1544-8855,http://www.lottecinema.co.kr/
부산시,동래구,011040,롯데시네마 동래,9,"1,581",0,9,4,0,0,상설,,가입,롯데컬처웍스(주)롯데시네마,2008-06-01,영업,직영,부산광역시 동래구 온천동 502-3 번지,1544-8855,http://www.lottecinema.co.kr/
부산시,부산진구,011009,롯데시네마 부산본점,11,"2,062",0,11,5,0,0,상설,,가입,롯데컬처웍스(주)롯데시네마,2001-06-16,영업,직영,부산광역시 부산진구 부전동 503-15 번지 롯데백화점 10층,1544-8855,http://www.lottecinema.co.kr/
부산시,중구,011054,롯데시네마 광복,10,"2,369",0,10,4,1,0,상설,,가입,롯데컬처웍스(주)롯데시네마,2014-08-28,영업,직영,부산광역시 중구 중앙동7가 20-1 번지 시네마동 9층,1544-8855,http://www.lottecinema.co.kr/
서울시,강동구,001096,롯데시네마 강동,10,"1,846",0,10,1,0,0,상설,,가입,롯데컬처웍스(주)롯데시네마,2008-04-24,영업,위탁,서울특별시 강동구 성내동 44-1 번지,1544-8855,http://www.lottecinema.co.kr/
서울시,송파구,001225,롯데시네마 월드타워_샤롯데,3,72,0,3,1,0,0,상설,,가입,롯데컬처웍스(주)롯데시네마,2014-10-15,영업,직영,"서울특별시 송파구 신천동 29 번지 신천동,엔터동롯데시네마(5~11F)",1544-8855,http://www.lottecinema.co.kr/
서울시,관악구,001155,롯데시네마 신림,8,"1,494",0,8,5,0,0,상설,,가입,롯데컬처웍스(주)롯데시네마,2009-03-01,영업,직영,서울특별시 관악구 신림동 1641-2 번지 타임스트림 10층~15층,1544-8855,http://www.lottecinema.co.kr/
서울시,관악구,001198,롯데시네마 서울대입구,5,687,0,5,0,0,0,상설,,가입,롯데컬처웍스(주)롯데시네마,2012-12-29,영업,직영,서울특별시 관악구 봉천동 862-1 번지 에그옐로우 10층,1544-8855,http://www.lottecinema.co.kr/
서울시,금천구,001202,롯데시네마 가산디지털,6,"1,054",0,6,2,1,0,상설,,가입,롯데컬처웍스(주)롯데시네마,2013-03-21,영업,직영,서울특별시 금천구 가산동 60-8 번지,1544-8855,http://www.lottecinema.co.kr/
서울시,강서구,001188,롯데시네마 김포공항,9,"2,095",0,9,6,1,0,상설,,가입,롯데컬처웍스(주)롯데시네마,2011-12-09,영업,직영,서울특별시 강서구 방화동 886 번지 외6필지,1544-8855,http://www.lottecinema.co.kr/
전라북도,전주시,008053,메가박스 전주객사,10,850,0,10,0,0,0,상설,,가입,메가박스(주),2020-04-24,영업,위탁,전라북도 전주시 완산구 고사동 181 번지 메가박스 전주객사,1544-0070,http://www.megabox.co.kr/
서울시,마포구,001195,롯데시네마 합정,4,733,0,4,2,0,0,상설,,가입,롯데컬처웍스(주)롯데시네마,2012-07-19,영업,직영,서울특별시 마포구 서교동 490 번지 메세나폴리스 2층 롯데시네마,1544-8855,http://www.lottecinema.co.kr/
서울시,은평구,001239,롯데시네마 은평(롯데몰),8,"1,336",0,8,4,0,0,상설,,가입,롯데컬처웍스(주)롯데시네마,2016-12-01,영업,직영,"서울특별시 은평구 진관동 79-31, 롯데몰 5층",02-1544-8855,http://www.lottecinema.co.kr
서울시,노원구,001109,롯데시네마 노원,10,"1,855",0,10,5,1,0,상설,,가입,롯데컬처웍스(주)롯데시네마,2005-11-23,영업,직영,서울특별시 노원구 상계동 713 번지 롯데백화점 10층,1544-8855,http://www.lottecinema.co.kr/
부산시,부산진구,011007,CGV 서면,13,"2,480",3,13,7,1,1,상설,,가입,CJ올리브네트웍스(주),2000-05-31,영업,직영,부산광역시 부산진구 전포동 892-20 번지 지오플레이스 5층,1544-1122,http://www.cgv.co.kr
서울시,강북구,001244,롯데시네마 수유,6,852,0,6,1,0,0,상설,,가입,롯데컬처웍스(주)롯데시네마,2017-04-26,영업,위탁,서울특별시 강북구 번동 449-1 번지 10~14층,02-1544-8855,http://www.lottecinema.co.kr
서울시,광진구,001122,롯데시네마 건대입구_샤롯데,1,32,0,1,0,0,0,상설,,가입,롯데컬처웍스(주)롯데시네마,2007-01-26,영업,직영,서울특별시 광진구 자양동 227-7 번지,1544-8855,http://www.lottecinema.co.kr/
서울시,강남구,001128,CINE de CHEF 압구정,2,76,0,2,2,0,0,상설,,가입,CJ올리브네트웍스(주),2007-08-01,영업,직영,서울특별시 강남구 신사동 602 번지,1544-1122,http://www.cgv.co.kr/
서울시,중구,001105,롯데시네마 에비뉴엘(명동)_샤롯데,1,34,0,1,0,0,0,상설,,가입,롯데컬처웍스(주)롯데시네마,2005-03-25,영업,직영,서울특별시 중구 남대문로2가 130 번지,1544-8855,http://www.lottecinema.co.kr/
서울시,중구,001102,롯데시네마 에비뉴엘(명동),4,676,0,4,2,0,0,상설,,가입,롯데컬처웍스(주)롯데시네마,2005-03-25,영업,직영,서울특별시 중구 남대문로2가 130 번지,1544-8855,http://www.lottecinema.co.kr/
서울시,영등포구,001034,CGV 여의도,9,"1,133",0,9,9,1,0,상설,,가입,CJ올리브네트웍스(주),2012-08-30,영업,직영,서울특별시 영등포구 여의도동 23 번지 국제금융센터 지하3층,1544-1122,http://www.cgv.co.kr/
대전시,유성구,013038,메가박스 대전신세계 아트앤사이언스,7,976,0,7,0,0,0,상설,,가입,메가박스(주),2021-08-25,영업,직영,대전광역시 유성구 도룡동 3-1 번지 대전신세계아트앤사이언스 6층,1544-0070,http://www.megabox.co.kr/
대전시,유성구,007068,메가박스 대전유성,5,923,0,5,2,0,0,상설,,가입,메가박스(주),2015-03-16,영업,직영,대전광역시 유성구 봉명동 1016-7 번지 센트럴프라자 5층,1544-0070,http://www.megabox.co.kr/
대전시,서구,013017,메가박스 대전,8,"1,333",0,8,3,0,0,상설,,가입,메가박스(주),2004-11-15,영업,직영,대전광역시 서구 탄방동 746 번지 로데오타운 5층,1544-0070,http://www.megabox.co.kr/
대전시,중구,013033,메가박스 대전중앙로,8,"1,124",0,8,0,0,0,상설,,가입,메가박스(주),2019-04-15,영업,직영,대전광역시 중구 대흥동 205-1 번지 4층,1544-0070,http://www.megabox.co.kr/
서울시,노원구,001216,CGV 하계,4,898,0,4,3,0,0,상설,,가입,CJ올리브네트웍스(주),2013-09-12,영업,직영,서울특별시 노원구 중계동 506-1 번지 건영백화점 지하1층,1544-1122,cgv.co.kr
서울시,도봉구,001289,CGV 방학,7,870,0,7,1,1,0,상설,,가입,CJ올리브네트웍스(주),2022-04-28,영업,직영,서울특별시 도봉구 방학동 707-6 번지 모비우스스퀘어 8층,1544-1122,https://www.cgv.co.kr
광주시,광산구,016022,메가박스 광주하남,10,918,0,10,2,0,0,상설,,가입,메가박스(주),2007-08-13,영업,위탁,광주광역시 광산구 우산동 1587-1 번지,1544-0070,http://www.megabox.co.kr/
광주시,광산구,016035,메가박스 첨단,9,"1,157",0,9,2,0,0,상설,,가입,메가박스(주),2012-01-15,영업,위탁,광주광역시 광산구 쌍암동 688-4 번지,1544-0070,http://www.megabox.co.kr/
광주시,북구,016020,메가박스 전대(광주),7,958,0,7,2,0,0,상설,,가입,메가박스(주),2007-07-01,영업,위탁,광주광역시 북구 중흥동 362-2 번지,1544-0070,http://www.megabox.co.kr/
광주시,서구,016021,메가박스 광주상무,10,837,0,10,0,0,0,상설,,가입,메가박스(주),2007-08-13,영업,위탁,광주광역시 서구 치평동 1223-3 번지,1544-0070,http://www.megabox.co.kr/
인천시,서구,015057,메가박스 청라지젤,7,784,0,7,1,0,0,상설,,가입,메가박스(주),2017-10-25,영업,위탁,인천광역시 서구 청라동 165-12 번지 지젤M청라 4층 메가박스 청라지젤,1544-0070,http://www.megabox.co.kr
인천시,남동구,015052,메가박스 인천논현,8,"1,189",0,8,0,0,0,상설,,가입,메가박스(주),2015-10-08,영업,위탁,인천광역시 남동구 논현동 747-1 번지 라피에스타 6층,1544-0070,http://www.megabox.co.kr/
대구시,북구,012015,메가박스 북대구(칠곡),6,826,0,6,2,0,0,상설,,가입,메가박스(주),2006-12-24,영업,위탁,대구광역시 북구 동천동 895-2 번지 씨네피아 5~11층,1544-0070,http://www.megabox.co.kr/
대구시,동구,012054,메가박스 대구이시아,7,630,0,7,1,0,0,상설,,가입,메가박스(주),2018-08-15,영업,직영,대구광역시 동구 봉무동 1548 번지 메가맥스타워 2층,02-1544-0070,http://www.megabox.co.kr/
부산시,사상구,011024,메가박스 사상,7,"1,319",0,7,5,0,0,상설,,가입,메가박스(주),2005-01-13,영업,직영,부산광역시 사상구 괘법동 533-1 번지 부산서부버스터미널 애플아울렛 본관동 4~5층,1544-0070,http://www.megabox.co.kr
서울시,서초구,001030,메가박스 센트럴,5,680,0,5,1,0,0,상설,,가입,메가박스(주),2000-07-29,영업,직영,서울특별시 서초구 반포동 19-3 번지 센트럴시티빌딩 지하1층,1544-0070,www.megabox.co.kr
서울시,서초구,001101,메가박스 강남,7,973,0,7,2,0,0,상설,,가입,메가박스(주),2011-08-05,영업,직영,서울특별시 서초구 서초동 1317-20 번지 아라타워 8층,1544-0070,http://www.megabox.co.kr/
서울시,강서구,001228,메가박스 화곡,5,851,0,5,0,0,0,상설,,가입,메가박스(주),2015-05-29,영업,직영,서울특별시 강서구 화곡동 1073-10 번지 메가스퀘어 4층,1544-0070,www.megabox.co.kr
대구시,달서구,012058,CGV 대구죽전,7,852,0,7,2,1,0,상설,,가입,CJ올리브네트웍스(주),,영업,직영,대구광역시 달서구 죽전동 273-27 번지 골든타워 8~11층 CGV 대구죽전,1544-1122,http://www.cgv.co.kr
경기도,수원시,002117,CGV 북수원,8,"1,268",0,10,4,0,0,상설,,가입,CJ올리브네트웍스(주),2006-09-21,영업,직영,경기도 수원시 장안구 조원동 893 번지 아일렛타운 4층,1544-1122,http://www.cgv.co.kr/
서울시,마포구,001272,메가박스 홍대,5,726,0,5,0,0,0,상설,,가입,메가박스(주),2019-09-25,영업,직영,서울특별시 마포구 동교동 160-4 번지 아일렉스 7층,02-1544-0070,http://www.megabox.co.kr/
서울시,도봉구,001243,메가박스 창동,5,680,0,5,0,0,0,상설,,가입,메가박스(주),2017-01-20,영업,위탁,서울특별시 도봉구 창동 715-14 번지,02-1544-0070,http://www.megabox.co.kr/
경상남도,양산시,007083,메가박스 양산증산,7,777,0,7,0,0,0,상설,,가입,메가박스(주),2019-03-28,영업,직영,경상남도 양산시 물금읍 1292 번지,1544-0070,http://www.megabox.co.kr/
경기도,고양시,002222,메가박스 백석벨라시타,5,749,0,5,1,0,0,상설,,가입,메가박스(주),2016-08-24,영업,직영,경기도 고양시 일산동구 백석동 1237 번지 벨라시타 2층,1544-0070,http://www.megabox.co.kr
경상북도,영양군,006068,영양 작은영화관,1,93,0,1,0,0,0,상설,,가입,(주)디트릭스,2016-03-30,영업,직영,경상북도 영양군 영양읍 2-15 번지 영양문화원 2층,054-683-7053,http://yyg.scinema.org/
전라남도,영광군,009071,영광 작은영화관,2,109,0,2,1,0,0,상설,,가입,(주)디트릭스,2021-03-04,영업,직영,전라남도 영광군 영광읍 87 번지 영광작은영화관,061-350-5693,https://yeonggwang.scinema.org/
전라남도,보성군,009066,보성 작은영화관,2,92,0,2,2,0,0,상설,,가입,(주)유유코리아,2019-04-05,영업,위탁,전라남도 보성군 보성읍 2-27 번지,061-852-7050,http://boseong.petitecine.com/
강원도,평창군,003201,HAPPY700 평창시네마,2,99,0,2,1,0,0,상설,,가입,(주)디트릭스,2015-12-22,영업,직영,강원도 평창군 용평면 374-2 번지 용평복지회관 2층,033-334-7053,http://happy700.scinema.org/
전라북도,전주시,008016,전주시네마타운,4,662,0,6,0,0,0,상설,,가입,문화인,2003-09-05,영업,직영,전라북도 전주시 완산구 고사동 340-3 번지,063-283-7722,http://www.jcinema.co.kr
충청북도,음성군,004051,설성시네마,2,92,0,2,0,0,0,상설,,가입,(주)디트릭스,2022-05-20,영업,직영,충청북도 음성군 음성읍 536-6 번지 설성문화회관 3층,,
강원도,고성군,003216,달홀영화관,2,93,0,2,0,0,0,상설,,가입,(주)디트릭스,2022-01-07,영업,직영,강원도 고성군 간성읍 146-3 번지 달홀문화센터,033-680-4068,
경상북도,포항시,006030,CGV 북포항,8,822,0,8,2,0,0,상설,,가입,CJ올리브네트웍스(주),2009-07-29,영업,위탁,경상북도 포항시 북구 덕산동 235-4 번지,1544-1122,http://www.cgv.co.kr
인천시,연수구,015056,CGV 연수역,10,"1,796",0,10,2,0,0,상설,,가입,CJ올리브네트웍스(주),2017-07-14,영업,직영,인천광역시 연수구 청학동 496-4 번지 연수광장프라자 8층,1544-1122,http://www.cgv.co.kr
전라남도,곡성군,009070,곡성극장,2,95,0,2,1,0,0,상설,,가입,(주)유유코리아,2021-02-26,영업,위탁,전라남도 곡성군 곡성읍 776-6 번지,061-363-7053,
충청북도,청주시,004044,메가박스 청주사창,4,380,0,4,0,0,0,상설,,가입,메가박스(주),2018-11-30,영업,위탁,충청북도 청주시 서원구 사창동 488 번지,02-1544-0070,http://www.megabox.co.kr/
강원도,강릉시,003043,강릉독립예술극장 신영,1,111,1,1,0,0,0,상설,,가입,(주)에스아이티랩,,영업,직영,강원도 강릉시 임당동 119-3 번지,033-645-7415,
울산시,울주군,014015,알프스시네마,2,301,0,2,2,0,0,상설,,가입,문화인,2015-10-08,영업,위탁,울산광역시 울주군 상북면 517 번지 영남알프스 복합웰컴센터,052-254-0267,http://all.ulju.ulsan.kr/ynawc
대구시,동구,012033,씨네Q 대구이시아,7,516,0,7,3,0,0,상설,,가입,(주)씨네큐,2011-04-30,영업,위탁,대구광역시 동구 봉무동 1545 번지,1544-1533,https://www.cineq.co.kr
서울시,종로구,001227,낭만극장,1,286,0,1,0,0,0,상설,,가입,(주)디트릭스,2015-04-21,영업,직영,서울특별시 종로구 낙원동 288 번지 낙원상가 4층,02-3672-4232,
충청남도,서산시,005049,CGV 서산,8,820,0,8,2,0,0,상설,,가입,CJ올리브네트웍스(주),2015-07-29,영업,위탁,충청남도 서산시 동문동 1029-1 번지 서산 디퍼아울렛,1544-1122,https://www.cgv.co.kr
강원도,인제군,003220,CGV 기린,2,95,0,2,1,0,0,상설,,가입,CJ올리브네트웍스(주),2023-03-06,영업,위탁,강원도 인제군 기린면 3-1 번지 기린체육문화센터 2층,033-460-8973,www.cgv.co.kr
경기도,남양주시,002122,메가박스 남양주,8,738,0,8,3,0,0,상설,,가입,메가박스(주),2006-07-13,영업,위탁,"경기도 남양주시 호평동 640 번지 메인시네마타워 8,9층",1544-0070,http://www.megabox.co.kr/
경상남도,양산시,007093,영화공장,1,108,0,1,0,0,0,상설,,가입,(주)대한에스엠,2022-01-27,영업,직영,경상남도 양산시 덕계동 234-12 번지,055-912-7001,
경기도,용인시,002294,CGV DRIVE IN 용인크랙사이드,1,200,0,1,0,0,0,상설,,가입,CJ올리브네트웍스(주),2023-01-19,영업,위탁,경기도 용인시 처인구 역북동 89-18 번지,031-334-2299,https://www.cgv.co.kr
경상남도,진주시,007090,CGV 진주혁신,7,724,0,7,1,0,0,상설,,가입,CJ올리브네트웍스(주),2020-09-28,영업,위탁,"경상남도 진주시 충무공동 225-1 번지 어반스퀘어 4,5층",1544-1122,https://www.cgv.co.kr
서울시,서대문구,001117,메가박스 신촌,8,"1,694",0,8,1,0,0,상설,,가입,메가박스(주),2006-09-22,영업,직영,서울특별시 서대문구 신촌동 74-12 번지,1544-0070,http://www.megabox.co.kr/
인천시,남구,015069,CGV 인천시민공원,5,373,0,5,5,0,0,상설,,가입,CJ올리브네트웍스(주),2023-01-20,영업,위탁,인천광역시 남구 주안동 466-23 번지 지하2층 CGV,032-429-0116,http://www.cgv.co.kr
경기도,안성시,002268,메가박스 안성스타필드,7,"1,256",0,7,1,0,0,상설,,가입,메가박스(주),2020-10-05,영업,직영,경기도 안성시 공도읍 354 번지 스타필드 안성 3층,1544-0070,http://www.megabox.co.kr/
경기도,광명시,002281,메가박스 광명AK플라자,6,795,0,6,0,0,0,상설,,가입,메가박스(주),2021-10-29,영업,직영,경기도 광명시 일직동 512-3 번지 B1 ~ B2층,02-1544-0070,http://www.megabox.co.kr/
경기도,성남시,002102,메가박스 분당,6,785,0,6,3,0,0,상설,,가입,메가박스(주),2001-07-28,영업,직영,경기도 성남시 분당구 서현동 262-2 번지 4층,1544-0070,http://www.megabox.co.kr/
서울시,송파구,001156,CGV 송파,7,"1,138",0,8,5,1,0,상설,,가입,CJ올리브네트웍스(주),2009-04-29,영업,직영,서울특별시 송파구 문정동 634 번지 가든파이브 라이프 영관 10층,1544-1122,http://www.cgv.co.kr
인천시,서구,015068,씨네큐 청라,7,506,0,7,1,0,0,상설,,가입,(주)씨네큐,2023-01-12,영업,위탁,인천광역시 서구 청라동 162-2 번지 마루힐프라자8층,,https://www.cineq.co.kr
충청남도,천안시,005064,CGV 천안터미널,13,"2,540",0,13,4,1,0,상설,,가입,CJ올리브네트웍스(주),2019-02-27,영업,직영,충청남도 천안시 동남구 신부동 363-2 번지 신세계백화점 충청점 B관 4층 CGV 천안터미널,1544-1122,https://www.cgv.co.kr
서울시,강서구,001270,CGV 등촌,6,934,0,8,4,0,0,상설,,가입,CJ올리브네트웍스(주),2019-01-30,영업,직영,서울특별시 강서구 등촌동 639-23 번지 브릭시티몰 3층 CGV 등촌,1544-1122,http://www.cgv.co.kr
충청북도,옥천군,004041,옥천 향수시네마,2,95,0,2,1,0,0,상설,,가입,(주)디트릭스,2018-08-02,영업,위탁,충청북도 옥천군 옥천읍 408-15 번지 향수시네마,,http://okcheon.scinema.kr
경기도,군포시,002183,CGV 산본,6,621,0,6,1,0,0,상설,,가입,CJ올리브네트웍스(주),2016-12-21,영업,위탁,경기도 군포시 산본동 1142-2 번지 대우디오플러스 4층,1544-1122,http://www.cgv.co.kr
광주시,광산구,016046,CGV 광주하남,7,"1,376",0,7,3,0,0,상설,,가입,CJ올리브네트웍스(주),2018-09-20,영업,직영,광주광역시 광산구 하남동 832 번지 테라스56 피크닉몰 2층,1544-1122,https://www.cgv.co.kr
충청남도,천안시,005072,롯데시네마 천안청당,6,639,0,6,0,0,0,상설,,가입,롯데컬처웍스(주)롯데시네마,2022-12-23,영업,위탁,충청남도 천안시 동남구 청당동 547 번지 롯데시네마,1544-8855,https://www.lottecinema.co.kr/
경상북도,성주군,006090,별고을시네마,2,98,0,2,1,0,0,상설,,가입,(주)디트릭스,2022-12-22,영업,위탁,경상북도 성주군 성주읍 597-2 번지 3층,054-932-7717,seongju.scinema.kr
경기도,파주시,002149,자유로자동차극장,2,150,0,2,0,0,0,상설,,가입,(주)디트릭스,2002-06-20,영업,직영,경기도 파주시 탄현면 265-10 번지,031-945-0609,
경기도,수원시,002037,메가박스 수원남문,4,248,0,4,1,0,0,상설,,가입,메가박스(주),2013-12-20,영업,위탁,경기도 수원시 팔달구 팔달로3가 84-5 번지,1544-0070,http://www.megabox.co.kr/
경기도,부천시,002258,CGV 부천옥길,6,634,0,6,1,0,0,상설,,가입,CJ올리브네트웍스(주),2020-03-11,영업,위탁,경기도 부천시 옥길동 745-5 번지 문영퀸즈파크옥길C동 8층 806호 CGV부천옥길,1544-1122,http://www.cgv.co.kr
경기도,화성시,002293,화성시 작은영화관,2,150,0,2,0,0,0,상설,,가입,문화인,2022-12-06,영업,위탁,경기도 화성시 마도면 243-2 번지 마도문화센터 3층,031-355-2731,
인천시,연수구,015064,CGV 송도타임스페이스,7,694,0,7,1,0,0,상설,,가입,CJ올리브네트웍스(주),2020-12-03,영업,위탁,인천광역시 연수구 송도동 8-21 번지 지하1층,1544-1122,https://www.cgv.co.kr
경기도,시흥시,002265,CGV 정왕,5,448,0,5,0,0,0,상설,,가입,CJ올리브네트웍스(주),2020-07-08,영업,위탁,경기도 시흥시 정왕동 1734-2 번지 시화이마트 10층 CGV 정왕,031-434-1230,
전라북도,임실군,008237,임실한마당 작은별영화관,2,94,0,2,1,0,0,상설,,가입,문화인,2022-12-05,영업,직영,전라북도 임실군 임실읍 277 번지 지하1층,,
경기도,남양주시,002292,CGV 다산,10,862,0,10,0,0,0,상설,,가입,CJ올리브네트웍스(주),2022-11-09,영업,위탁,경기도 남양주시 다산동 6143 번지 다산현대프리미어캠퍼스 지하 2층,1544-1122,http://www.cgv.co.kr
경기도,안산시,002118,CGV 안산,9,"1,858",0,9,2,1,0,상설,,가입,CJ올리브네트웍스(주),2006-09-29,영업,직영,"경기도 안산시 단원구 고잔동 725-1 번지 (고잔동, NC백화점 A관 6층)",1544-1122,http://www.cgv.co.kr/
경기도,안산시,002211,명화극장,1,199,0,1,0,0,0,상설,,가입,(주)디트릭스,2012-12-31,영업,직영,경기도 안산시 단원구 고잔동 541-1 번지,031-480-3827,
서울시,중구,001165,청춘극장,1,260,0,1,0,0,0,상설,,가입,(주)디트릭스,2010-10-02,영업,직영,서울특별시 중구 충정로1가 68 번지 문화일보사건물,02-3672-4235,http://
서울시,종로구,001103,허리우드클래식,1,300,1,1,0,0,0,상설,,가입,(주)디트릭스,2005-04-01,영업,직영,서울 종로구 낙원동 284-6 낙원상가4층,02-3672-4232,
경기도,고양시,002291,케이트리호텔 X 모노플렉스,1,16,0,1,0,0,0,상설,,가입,(주)디트릭스,2022-09-28,영업,직영,경기도 고양시 일산서구 대화동 2307-16 번지 케이트리 201호,031-540-2400,https://www.monoplex.com
서울시,중구,001163,CGV 명동역 씨네라이브러리,5,694,2,5,2,0,0,상설,,가입,CJ올리브네트웍스(주),2010-08-19,영업,직영,서울특별시 중구 충무로2가 65-9 번지 하이해리엇 10층,1544-1122,http://www.cgv.co.kr
충청남도,논산시,005065,메가박스 논산,5,452,0,5,1,0,0,상설,,가입,메가박스(주),2020-09-10,영업,위탁,"충청남도 논산시 내동 382-32 번지 우리메가박스타운 3,4층",02-1544-0070,http://www.megabox.co.kr/
서울시,강남구,001111,CGV 압구정,6,898,3,6,4,0,0,상설,,가입,CJ올리브네트웍스(주),2006-03-30,영업,직영,서울특별시 강남구 신사동 602 번지,1544-1122,http://www.cgv.co.kr
경기도,성남시,002010,CGV 오리,10,"1,570",1,10,5,0,0,상설,,가입,CJ올리브네트웍스(주),2000-04-01,영업,직영,경기도 성남시 분당구 구미동 159 번지 월드쇼핑 4층,1544-1122,http://www.cgv.co.kr
충청남도,천안시,005053,인디플러스 천안,1,50,0,1,0,0,0,상설,,가입,(주)디트릭스,2016-11-18,영업,직영,충청남도 천안시 동남구 문화동 101-2 번지 천안시 영상미디어센터,041-415-0098,
제주도,제주시,010020,제주자동차극장,1,50,0,1,0,0,0,상설,,가입,문화인,,영업,직영,제주특별자치도 제주시 이호이동 257 번지,,driveinjeju.com
경기도,용인시,002241,한국민속촌 자동차극장,2,230,0,2,0,0,0,상설,,가입,(주)디트릭스,2018-02-08,영업,직영,경기도 용인시 기흥구 보라동 308 번지 한국민속촌 자동차극장,031-288-0000,https://www.koreanfolk.co.kr
서울시,구로구,001017,CGV 구로,8,"1,232",1,10,6,0,0,상설,,가입,CJ올리브네트웍스(주),2002-01-25,영업,직영,서울특별시 구로구 구로동 573 번지 NC신구로점 6층,1544-1122,http://www.cgv.co.kr
충청북도,괴산군,004042,괴산자연드림파크 괴산극장,3,234,0,3,1,0,0,상설,,가입,(주)유유코리아,2018-11-01,영업,직영,충청북도 괴산군 칠성면 율원리 4-7 번지,043-760-4303,
인천시,남동구,015005,CGV 인천,14,"2,788",0,14,8,1,1,상설,,가입,CJ올리브네트웍스(주),1999-12-18,영업,직영,인천광역시 남동구 구월동 1130 번지 씨앤씨빌딩 4층,1544-1122,http://www.cgv.co.kr
경상남도,고성군,007088,CGV 고성,2,116,0,2,1,0,0,상설,,가입,CJ올리브네트웍스(주),2020-10-08,영업,위탁,경상남도 고성군 고성읍 77-1 번지,055-672-6565,
전라남도,해남군,009065,해남시네마,2,136,0,2,1,0,0,상설,,가입,(주)디트릭스,2021-07-13,영업,직영,전라남도 해남군 해남읍 355-1 번지,061-533-7717,https://haenam.scinema.kr 
경기도,포천시,002255,포천 클라우드시네마,2,98,0,2,1,0,0,상설,,가입,(주)디트릭스,2019-12-18,영업,위탁,경기도 포천시 영북면 514-6 번지,031-531-7718,https://pocheon.scinema.kr
경상북도,울진군,006080,울진 작은영화관,1,87,0,1,1,0,0,상설,,가입,(주)디트릭스,2018-09-13,영업,직영,경상북도 울진군 울진읍 77-2 번지 울진군청별관,054-782-7717,https://uljin.scinema.kr
경상남도,남해군,007073,보물섬시네마,1,212,0,1,1,0,0,상설,,가입,(주)디트릭스,2016-03-07,영업,직영,경상남도 남해군 남해읍 760 번지 남해문화체육센터,055-862-7718,https://namhae.scinema.kr
경상남도,산청군,007089,산청군 작은영화관,2,98,0,2,1,0,0,상설,,가입,(주)디트릭스,2020-09-23,영업,직영,경상남도 산청군 신안면 930-1 번지 2층,055-973-7717,https://sancheong.scinema.kr
인천시,강화군,015050,강화작은영화관,1,89,0,1,1,0,0,상설,,가입,(주)디트릭스,2015-02-06,영업,위탁,인천광역시 강화군 강화읍 239 번지 강화문예회관 2층,032-934-7717,https://ganghwa.scinema.kr
강원도,양구군,003210,양구 정중앙 시네마,2,201,0,2,0,0,0,상설,,가입,(주)디트릭스,2018-02-09,영업,직영,강원도 양구군 양구읍 353-1 번지 정중앙시네마 2층,033-482-7053,http://yanggu.scinema.org/
대전시,동구,013019,대전아트시네마,1,138,1,1,0,0,0,상설,,가입,(주)에스아이티랩,2006-04-01,영업,직영,대전광역시 동구 중동 27-11 번지 3층,042-472-1138,
서울시,광진구,001016,CGV 강변,12,"1,666",1,12,5,1,0,상설,,가입,CJ올리브네트웍스(주),1998-04-04,영업,직영,서울특별시 광진구 구의동 546-4 번지 테크노마트 10층,1544-1122,http://www.cgv.co.kr/
충청남도,금산군,005063,금산시네마,2,150,0,2,1,0,0,상설,,가입,(주)디트릭스,2018-09-01,영업,직영,충청남도 금산군 금산읍 334-24 번지,041-751-7668,
충청남도,부여군,005026,금성시네마,2,108,0,2,1,0,0,상설,,가입,(주)디트릭스,2009-02-10,영업,직영,충청남도 부여군 부여읍 구아리 209-1 번지,041-833-9999,http://
경상북도,고령군,006066,대가야시네마,2,99,0,2,1,0,0,상설,,가입,(주)디트릭스,2015-12-01,영업,직영,경상북도 고령군 대가야읍 471-1 번지 대가야역사테마관광지 내,054-954-7053,http://gr.scinema.org/
경상북도,김천시,006039,메가박스 김천,4,642,0,4,3,0,0,상설,,가입,메가박스(주),2006-07-01,영업,위탁,경상북도 김천시 평화동 245-82 번지 한일빌딩 4층,1544-0070,https://megabox.co.kr
충청북도,제천시,004050,CGV 제천,6,642,0,6,0,0,0,상설,,가입,CJ올리브네트웍스(주),2022-05-03,영업,위탁,충청북도 제천시 강제동 304-21 번지,1544-1122,https://www.cgv.co.kr
전라남도,목포시,009030,메가박스 목포하당,7,996,0,7,1,0,0,상설,,가입,메가박스(주),2006-09-30,영업,위탁,전라남도 목포시 상동 860-1 번지 쇼핑천국포르모 3층,1544-0070,http://www.megabox.co.kr/
충청북도,진천군,004037,메가박스 진천,4,372,0,4,0,0,0,상설,,가입,메가박스(주),2015-12-30,영업,위탁,충청북도 진천군 진천읍 652 번지 진천터미널,1544-0070,http://www.megabox.co.kr/
서울시,노원구,001235,롯데시네마 수락산,5,634,0,5,0,0,0,상설,,가입,롯데컬처웍스(주)롯데시네마,2015-11-13,영업,위탁,서울특별시 노원구 상계동 1132-35 번지 3~9층,1544-8855,www.lottecinema.co.kr
경기도,광명시,002287,CGV 광명역,5,374,0,5,1,0,0,상설,,가입,CJ올리브네트웍스(주),2022-05-03,영업,위탁,경기도 광명시 일직동 514 번지 GIDC B2층 CGV광명역,1544-1122,https://www.cgv.co.kr
경상북도,경주시,006086,롯데시네마 경주황성,6,848,0,6,1,0,0,상설,,가입,롯데컬처웍스(주)롯데시네마,2021-08-06,영업,위탁,경상북도 경주시 황성동 800-22 번지,02-1544-8855,http://www.lottecinema.co.kr/
전라북도,전주시,008234,롯데시네마 전주송천,7,686,0,7,1,0,0,상설,,가입,롯데컬처웍스(주)롯데시네마,2021-12-04,영업,위탁,전라북도 전주시 덕진구 송천동2가 1422 번지 파인트리몰 5~6층,02-1544-8855,http://www.lottecinema.co.kr
강원도,춘천시,003206,메가박스 남춘천,7,"1,134",0,7,0,0,0,상설,,가입,메가박스(주),2017-03-16,영업,위탁,강원도 춘천시 온의동 587-8 번지 뉴타운빌딩 2층,02-1544-0070,http://www.megabox.co.kr/
경기도,파주시,002052,메가박스 파주금촌,7,921,0,7,1,0,0,상설,,가입,메가박스(주),2014-12-20,영업,위탁,경기도 파주시 금촌동 329-158 번지 MH타워 4층,1544-0070,http://www.megabox.co.kr/
전라남도,순천시,009061,CGV 순천신대,9,"1,449",0,9,1,0,0,상설,,가입,CJ올리브네트웍스(주),2017-12-29,영업,직영,전라남도 순천시 해룡면 2139 번지 CGV 순천신대,,
전라북도,정읍시,008048,CGV 정읍,4,553,0,4,1,0,0,상설,,가입,CJ올리브네트웍스(주),2014-01-27,영업,위탁,전라북도 정읍시 수성동 525-1 번지,1544-1122,
경기도,용인시,002245,메가박스 용인테크노밸리,6,611,0,6,0,0,0,상설,,가입,메가박스(주),2019-01-10,영업,위탁,경기도 용인시 기흥구 청덕동 556 번지 용인테크노밸리 A동 지하1층,02-1544-0070,http://www.megabox.co.kr/
경기도,시흥시,002228,메가박스 시흥배곧,6,"1,227",0,6,2,0,0,상설,,가입,메가박스(주),2017-06-15,영업,위탁,경기도 시흥시 배곧동 199-1 번지 M플러스 7층,02-1544-0070,http://www.megabox.co.kr/
경기도,동두천시,002073,문화극장 1관,1,218,0,2,1,0,0,상설,,가입,(주)유유코리아,1972-01-01,영업,직영,경기도 동두천시 생연동 616-2 번지,031-865-2480,http://
전라남도,함평군,009069,함평자동차극장,2,180,0,2,0,0,0,상설,,가입,문화인,2021-01-29,영업,직영,전라남도 함평군 함평읍 828-56 번지 함평자동차극장,,
경기도,화성시,002285,안영채 X 모노플렉스,1,40,0,1,0,0,0,상설,,가입,(주)디트릭스,2022-03-11,영업,직영,경기도 화성시 동탄면 송리 726-1 번지 라크몽 B1,031-8058-8992,https://www.monoplex.kr/
서울시,동작구,001125,메가박스 이수,6,888,0,6,1,0,0,상설,,가입,메가박스(주),2011-11-18,영업,직영,서울특별시 동작구 사당동 147-53 번지 골든시네마타워 7~11층,1544-0070,http://www.megabox.co.kr/
충청북도,청주시,004045,CGV 청주터미널,8,676,0,8,0,0,0,상설,,가입,CJ올리브네트웍스(주),2019-02-01,영업,위탁,충청북도 청주시 흥덕구 가경동 1416-3 번지 8층,043-232-6344,
서울시,서대문구,001149,필름포럼,2,142,0,2,0,0,0,상설,,가입,(주)디트릭스,2008-07-01,영업,직영,서울특별시 서대문구 대신동 85 번지 하늬솔빌딩 지하 1층,02-363-2537,
경상남도,밀양시,007020,밀양시네마,2,292,0,2,0,0,0,상설,,가입,(주)디트릭스,2010-08-30,영업,직영,경상남도 밀양시 내이동 1565-16 번지,055-356-3606,http://
대구시,중구,012035,CGV 대구현대,6,710,0,6,3,0,0,상설,,가입,CJ올리브네트웍스(주),2011-08-17,영업,직영,대구광역시 중구 계산동2가 200 번지 지하2층 (계산동2가),1544-1122,http://www.cgv.co.kr
서울시,구로구,001217,롯데시네마 신도림,5,560,0,5,2,0,0,상설,,가입,롯데컬처웍스(주)롯데시네마,2013-09-13,영업,직영,"서울특별시 구로구 신도림동 692 번지 디큐브시티 제타워동 7,8층 일부",1544-8855,www.lottecinema.co.kr
서울시,중구,001062,서울아트시네마,1,230,1,1,0,0,0,상설,,가입,(주)에스아이티랩,,영업,직영,서울특별시 중구 정동 22 번지 경향아트힐 2층,02-741-9782,http://
경기도,부천시,002239,판타스틱 큐브,1,70,0,1,0,0,0,상설,,가입,(주)디트릭스,,영업,직영,경기도 부천시 중동 1156 번지,,
광주시,동구,016013,광주극장,1,856,1,1,0,0,0,상설,,가입,(주)디트릭스,2004-03-26,영업,직영,광주광역시 동구 충장로5가 62,062-224-5858,http://
서울시,구로구,001248,씨네큐 신도림,10,"1,115",0,10,2,0,0,상설,,가입,(주)씨네큐,2018-01-18,영업,직영,서울특별시 구로구 구로동 3-25 번지 신도림테크노마트 11층~14층,,
서울시,마포구,001193,인디스페이스,1,186,0,1,0,0,0,상설,,가입,(주)에스아이티랩,,영업,직영,서울특별시 마포구 동교동 166-14 번지 동교동 스타피카소 8층,02-738-0366,http://indiespace.kr/
경기도,동두천시,002074,동광극장(구 문화극장3관),1,283,1,1,0,0,0,상설,,가입,(주)유유코리아,1986-07-01,영업,직영,경기도 동두천시 생연동 828-2 번지,031-867-3030,
경기도,동두천시,002286,문화극장 2관,1,74,0,1,0,0,0,상설,,가입,(주)유유코리아,1988-04-21,영업,직영,경기도 동두천시 생연동 616-2 번지,031-863-3000,
인천시,중구,015017,애관극장(인천),5,809,0,5,0,0,0,상설,,가입,(주)디트릭스,2004-01-16,영업,직영,인천광역시 중구 경동 238 번지,032-761-7177,http://aekwan.co.kr/
서울시,광진구,001166,KU시네마테크,1,152,1,1,0,0,0,상설,,가입,(주)디트릭스,2010-12-28,영업,직영,서울특별시 광진구 화양동 1 번지 건국대학교 예술디자인대학 B108호 KU시네마테크,02-446-6579,www.kucine.kr
전라남도,화순군,009062,화순시네마,2,124,0,2,1,0,0,상설,,가입,(주)유유코리아,2018-02-12,영업,위탁,"전라남도 화순군 화순읍 88 번지 군민회관, 서양정 2층",061-373-7053,www.olcinema.co.kr
인천시,부평구,015010,인천대한극장,2,245,0,2,1,0,0,상설,,가입,문화인,1973-07-01,영업,직영,인천광역시 부평구 부평동 534-27 번지,032-503-3330,http://
서울시,중구,001066,대한극장(서울),12,"2,812",0,11,3,0,0,상설,,가입,(주)유유코리아,2001-12-15,영업,직영,서울특별시 중구 필동2가 19-1 번지,02-3393-3500,http://www.daehancinema.co.kr/
강원도,인제군,003217,CGV 원통,1,92,0,1,1,0,0,상설,,가입,CJ올리브네트웍스(주),2022-02-25,영업,위탁,강원도 인제군 북면 원통리 459-4 번지 2층,,http://www.cgv.co.kr
충청남도,보령시,005059,명보시네마,3,236,0,3,0,0,0,상설,,가입,(주)유유코리아,2017-12-23,영업,직영,충청남도 보령시 대천동 422-4 번지,041-936-4503,
강원도,영월군,003200,영월시네마,2,149,0,2,1,0,0,상설,,가입,(주)디트릭스,2015-08-13,영업,직영,강원도 영월군 영월읍 990-2 번지,033-375-7053,http://yw.scinema.org/
대전시,중구,013036,대전독립영화전용관 씨네인디U,1,72,0,1,0,0,0,상설,,가입,(주)디트릭스,,영업,직영,대전광역시 중구 문화동 1-13 번지 기독교연합봉사회관 1층 1호,,
전라남도,구례군,009048,구례자연드림시네마,2,140,0,2,2,0,0,상설,,가입,(주)유유코리아,2014-04-23,영업,직영,전라남도 구례군 용방면 931 번지,061-783-8993,
전라북도,무주군,001221,무주 산골 영화관,2,98,0,2,1,0,0,상설,,가입,문화인,2014-06-20,영업,위탁,전라북도 무주군 무주읍 1199-3 번지 무주예체문화관 2층,063-322-7053,http://pf.kakao.com/_IGxbEK
경기도,용인시,002188,CGV 동백,8,"1,144",0,8,3,0,0,상설,,가입,CJ올리브네트웍스(주),2011-05-18,영업,위탁,경기도 용인시 기흥구 중동 833 번지 쥬네브썬월드 7001호,1544-1122,http://www.cgv.co.kr
인천시,남구,015035,영화공간주안,4,496,0,4,0,0,0,상설,,가입,(주)디트릭스,2007-05-01,영업,직영,인천광역시 남구 주안동 166-1 번지,032-867-9168,http://www.cinespacejuan.com/
전라북도,전주시,008228,조이아트시네마,1,94,0,1,0,0,0,상설,,가입,문화인,2016-08-15,영업,직영,전라북도 전주시 완산구 고사동 355-1 번지,063-252-4323,
전라북도,전주시,008227,조이앤시네마 전주점,5,760,0,5,1,0,0,상설,,가입,문화인,2016-04-29,영업,직영,전라북도 전주시 완산구 고사동 355-1 번지,063-252-4323,http://www.facebook.com/
전라남도,고흥군,009052,고흥 작은영화관,2,142,0,2,0,0,0,상설,,가입,문화인,2016-02-22,영업,직영,전라남도 고흥군 고흥읍 914 번지,061-830-580,cinema.goheung.go.kr
전라북도,김제시,001210,지평선시네마,2,99,0,2,1,0,0,상설,,가입,문화인,2013-08-26,영업,직영,전라북도 김제시 검산동 산62-1 번지 김제시 지평선 시네마,063-547-1501,
서울시,강남구,001186,CGV 청담씨네시티,6,670,0,6,6,1,0,상설,,가입,CJ올리브네트웍스(주),2011-10-09,영업,직영,서울특별시 강남구 신사동 651-21 번지,1544-1122,http://www.cgv.co.kr
부산시,해운대구,011051,영화의 전당,6,"4,560",5,6,2,0,0,상설,,가입,(재) 영화의전당,2011-11-11,영업,직영,부산광역시 해운대구 우동 1467 번지,051-780-6050,http://www.dureraum.org/
충청남도,부여군,005055,스타박스,2,166,0,2,1,0,0,상설,,가입,(주)디트릭스,2017-01-18,영업,직영,충청남도 부여군 부여읍 617 번지 3층,041-837-4501,
전라남도,완도군,009057,완도 빙그레 시네마,2,98,0,2,1,0,0,상설,,가입,(주)디트릭스,2017-09-26,영업,직영,전라남도 완도군 완도읍 9-191 번지 완도문화예술의전당,,
경기도,가평군,002247,1939시네마,2,136,0,2,1,0,0,상설,,가입,(주)디트릭스,2019-03-22,영업,직영,,,
전라북도,진안군,008055,마이골 작은영화관,2,98,0,2,1,0,0,상설,,가입,문화인,2020-11-01,영업,직영,전라북도 진안군 진안읍 143 번지 마이골 작은영화관,,
전라북도,순창군,008225,천재의 공간 영화산책,2,149,0,2,1,0,0,상설,,가입,문화인,2015-11-26,영업,직영,전라북도 순창군 순창읍 471 번지 작은영화관,063-653-7057,http://sunchang.scinema.org/
전라북도,고창군,008049,동리시네마,2,93,0,2,1,0,0,상설,,가입,문화인,2014-06-20,영업,위탁,전라북도 고창군 고창읍 읍내리 457 번지,063-564-1340,
충청남도,서천군,005051,서천군 기벌포영화관,2,154,0,2,1,0,0,상설,,가입,문화인,2016-01-08,영업,직영,충청남도 서천군 장항읍 137-1 번지 기벌포영화관,041-956-7939,http://www.서천군기벌포영화관.net/
울산시,동구,014020,CGV 울산동구,6,412,0,6,0,0,0,상설,,가입,CJ올리브네트웍스(주),2022-01-13,영업,위탁,울산광역시 동구 방어동 58-2 번지,052-232-8501,https://www.cgv.co.kr
경기도,평택시,002284,CGV 평택고덕,8,516,0,8,1,0,0,상설,,가입,CJ올리브네트웍스(주),2022-01-14,영업,위탁,경기도 평택시 장당동 154-2 번지 평택고덕아이파크 103동 3층,031-668-6424,https://www.cgv.co.kr
부산시,해운대구,011039,롯데시네마 센텀시티(백화점)_샤롯데,1,30,0,1,1,0,0,상설,,가입,롯데컬처웍스(주)롯데시네마,2007-12-07,영업,직영,부산광역시 해운대구 우동 1496 번지 롯데백화점 8층,1544-8855,http://www.lottecinema.co.kr/
부산시,강서구,011072,CGV 부산명지,6,431,0,6,0,0,0,상설,,가입,CJ올리브네트웍스(주),2022-01-05,영업,위탁,부산광역시 강서구 명지동 3586-4 번지 8층 9층 CGV 부산명지,1544-1122,https://www.cgv.co.kr
경기도,성남시,002230,롯데시네마 위례,7,"1,001",0,7,2,0,0,상설,,가입,롯데컬처웍스(주)롯데시네마,2017-09-01,영업,직영,경기도 성남시 수정구 창곡동 505 번지,070-7239-2200,https://www.lottecinema.co.kr
경상남도,김해시,007066,롯데시네마 김해부원,7,"1,121",0,7,2,0,0,상설,,가입,롯데컬처웍스(주)롯데시네마,2014-05-23,영업,직영,경상남도 김해시 부원동 1046 번지 아이스퀘어몰 4~5층,1544-8855,www.lottecinema.co.kr
충청북도,청주시,004031,롯데시네마 서청주(아울렛),6,"1,286",0,6,3,1,0,상설,,가입,롯데컬처웍스(주)롯데시네마,2012-11-09,영업,직영,충청북도 청주시 흥덕구 비하동 811 번지 롯데아울렛 4층,1544-8855,http://www.lottecinema.co.kr/
부산시,중구,011055,롯데시네마 광복_샤롯데,1,40,0,1,1,0,0,상설,,가입,롯데컬처웍스(주)롯데시네마,2014-08-28,영업,직영,부산광역시 중구 중앙동7가 20-1 번지 시네마동 9층,1544-8855,http://www.lottecinema.co.kr/
서울시,중랑구,001159,메가박스 상봉,7,924,0,7,1,0,0,상설,,가입,메가박스(주),2009-10-01,영업,직영,서울특별시 중랑구 상봉동 130-3 번지 메가박스빌딩 4층,1544-0070,http://www.megabox.co.kr/
경기도,광명시,002050,롯데시네마 광명아울렛,7,"1,216",0,7,2,0,0,상설,,가입,롯데컬처웍스(주)롯데시네마,2014-12-05,영업,직영,경기도 광명시 일직동 500 번지 롯데프리미엄아울렛 광명점 5층,1544-8855,https://www.lottecinema.co.kr
인천시,부평구,015023,롯데시네마 부평,9,"1,523",0,9,4,0,0,상설,,가입,롯데컬처웍스(주)롯데시네마,2006-03-01,영업,직영,인천광역시 부평구 부평동 152-1 번지,1544-8855,http://www.lottecinema.co.kr/
경기도,군포시,002216,롯데시네마 산본피트인,7,980,0,7,2,0,0,상설,,가입,롯데컬처웍스(주)롯데시네마,2016-05-02,영업,직영,경기도 군포시 산본동 1145-6 번지 10층 (산본동),02-1544-8855,http://www.lottecinema.co.kr
서울시,종로구,001099,CGV 피카디리1958,6,885,0,8,2,0,0,상설,,가입,CJ올리브네트웍스(주),2015-12-03,영업,직영,서울특별시 종로구 돈의동 137 번지,1544-1122,http://www.thepicca.co.kr/
전라북도,전주시,008233,CGV 전주에코시티,6,806,0,6,0,0,0,상설,,가입,CJ올리브네트웍스(주),2021-11-18,영업,위탁,전라북도 전주시 덕진구 송천동2가 1329-1 번지 로마네시티 현대썬앤빌 전주 4~8층 CGV,063-253-7300,http://www.cgv.co.kr/
서울시,서초구,001284,CGV Salon 서초,1,26,0,1,0,0,0,상설,,가입,CJ올리브네트웍스(주),2021-11-18,영업,직영,서울특별시 서초구 서초동 1335 번지 B2층,,
충청남도,천안시,005054,천안인생극장,1,170,1,1,0,0,0,상설,,가입,(주)디트릭스,2016-12-10,영업,직영,충청남도 천안시 동남구 문화동 99-1 번지 파리빌딩 지하1층,041-622-5772,
경기도,용인시,002279,CGV 기흥,6,744,0,6,0,0,0,상설,,가입,CJ올리브네트웍스(주),2021-09-15,영업,위탁,경기도 용인시 기흥구 구갈동 679 번지 기흥ICT밸리 B동 지하2층 CGV 기흥,,
대구시,북구,012056,CGV 대구연경,6,556,0,6,0,0,0,상설,,가입,CJ올리브네트웍스(주),2021-09-17,영업,위탁,대구광역시 북구 연경동 1078-2 번지 4층 CGV극장,053-986-6200,
부산시,부산진구,011067,CGV 서면삼정타워,8,"1,244",0,8,1,0,0,상설,,가입,CJ올리브네트웍스(주),2019-07-04,영업,위탁,부산광역시 부산진구 부전동 227-2 번지 서면피에스타 11층,,
경상남도,김해시,007086,CGV 김해율하,4,262,0,4,0,0,0,상설,,가입,CJ올리브네트웍스(주),2020-02-20,영업,위탁,경상남도 김해시 율하동 1347-2 번지 3층,,
부산시,해운대구,011058,CGV 해운대,6,437,0,6,3,0,0,상설,,가입,CJ올리브네트웍스(주),2015-10-22,영업,위탁,부산광역시 해운대구 우동 539-10 번지,1544-1122,
경기도,화성시,002277,롯데시네마 동탄_샤롯데,1,40,0,1,0,0,0,상설,,가입,롯데컬처웍스(주)롯데시네마,2021-08-18,영업,직영,경기도 화성시 오산동 967-157 번지 롯데백화점 7층 롯데시네마 동탄,02-1544-8855,www.lottecinema.co.kr
서울시,서대문구,001148,아트하우스모모,2,276,2,2,1,0,0,상설,,가입,(주)디트릭스,2008-08-01,영업,위탁,서울특별시 서대문구 대현동 11-1 번지 이화여자대학교 이화캠퍼스콤플렉스(지하4층),02-747-7782,http://www.arthousemomo.com/
서울시,성북구,001271,CGV 성신여대입구,5,768,0,5,0,0,0,상설,,가입,CJ올리브네트웍스(주),2008-09-11,영업,직영,서울특별시 성북구 동선동1가 1-2 번지 유타몰 10~12층,,http://www.cgv.co.kr
경기도,부천시,002113,CGV 역곡,6,451,0,6,2,0,0,상설,,가입,CJ올리브네트웍스(주),2005-12-28,영업,위탁,경기도 부천시 괴안동 113-1 번지 역곡 하이뷰 6층,1544-1122,http://www.cgv.co.kr
경기도,안양시,002214,CGV 범계,6,490,0,6,1,0,0,상설,,가입,CJ올리브네트웍스(주),2013-05-16,영업,위탁,경기도 안양시 동안구 호계동 1039-3 번지 뉴코아 아울렛 11층,1544-1122,
부산시,강서구,011070,롯데시네마 부산명지,7,810,0,7,1,0,0,상설,,가입,롯데컬처웍스(주)롯데시네마,2021-07-01,영업,위탁,부산광역시 강서구 명지동 3432-3 번지 부산대방디엠시티 센텀오션2차 2층,02-1544-8855,www.lottecinema.co.kr
인천시,남구,015066,CGV 인천도화,6,536,0,6,0,0,0,상설,,가입,CJ올리브네트웍스(주),2021-06-24,영업,위탁,인천광역시 남구 도화동 1011 번지,032-866-2006,https://www.cgv.co.kr
부산시,북구,011052,메가박스 덕천,9,690,0,9,1,0,0,상설,,가입,메가박스(주),2013-04-29,영업,위탁,부산광역시 북구 덕천동 398-2 번지,1544-0070,http://www.megabox.co.kr/
강원도,삼척시,003203,삼척 가람영화관,3,268,0,3,2,0,0,상설,,가입,(주)디트릭스,2016-09-08,영업,위탁,강원도 삼척시 성남동 173-3 번지,033-575-7053,http://samcheok.scinema.org/
강원도,강릉시,001194,CGV 강릉,9,"1,619",0,10,3,0,0,상설,,가입,CJ올리브네트웍스(주),2012-06-14,영업,직영,강원도 강릉시 옥천동 189 번지 씨네몰 6~8층,1544-1122,http://www.cgv.co.kr/
인천시,연수구,015043,CGV 인천연수,7,"1,543",0,7,2,0,0,상설,,가입,CJ올리브네트웍스(주),2012-10-05,영업,직영,인천광역시 연수구 동춘동 926 번지 스퀘어원 쇼핑몰 4층,1544-1122,http://www.cgv.co.kr/
충청북도,보은군,004049,씨네Q 보은,2,91,0,2,1,0,0,상설,,가입,(주)씨네큐,2021-04-30,영업,직영,충청북도 보은군 보은읍 116-1 번지,070-5117-5819,
부산시,북구,011019,CGV 화명,7,756,0,7,2,0,0,상설,,가입,CJ올리브네트웍스(주),2013-07-01,영업,직영,부산광역시 북구 화명동 2275-1 번지 센추리빌딩,1544-1122,http://www.cgv.co.kr
서울시,강동구,001230,CGV 천호,6,"1,240",0,6,4,0,1,상설,,가입,CJ올리브네트웍스(주),2015-07-08,영업,직영,서울특별시 강동구 천호동 42 번지 홈플러스 4층,1544-1122,www.cgv.co.kr
서울시,중구,001057,CGV 명동,5,736,0,5,4,0,0,상설,,가입,CJ올리브네트웍스(주),2001-12-23,영업,직영,서울특별시 중구 명동2가 83-5 번지 아바타빌딩 8층,1544-1122,http://www.cgv.co.kr
서울시,중구,001247,CGV 동대문,7,760,0,6,3,0,0,상설,,가입,CJ올리브네트웍스(주),2017-12-19,영업,직영,서울특별시 중구 을지로6가 17-2 번지,,
서울시,강북구,001257,CGV 수유,9,972,0,9,0,0,0,상설,,가입,CJ올리브네트웍스(주),2018-03-23,영업,직영,서울특별시 강북구 수유동 168-12 번지,,
부산시,남구,011034,CGV 대연,8,"1,171",0,8,4,0,0,상설,,가입,CJ올리브네트웍스(주),2007-09-12,영업,직영,부산광역시 남구 대연동 73-15 번지 5층,1544-1122,http://www.cgv.co.kr/
부산시,해운대구,011044,CGV 센텀시티,8,"2,062",0,8,4,1,0,상설,,가입,CJ올리브네트웍스(주),2009-03-03,영업,직영,부산광역시 해운대구 우동 1495 번지 신세계백화점 서관 7층,1544-1122,http://www.cgv.co.kr
경기도,김포시,002273,CGV 김포,6,806,0,6,0,0,0,상설,,가입,CJ올리브네트웍스(주),2021-04-28,영업,직영,경기도 김포시 풍무동 202-1 번지 5층,,
서울시,용산구,001245,CINE de CHEF 용산아이파크몰,2,114,0,4,2,0,0,상설,,가입,CJ올리브네트웍스(주),2017-06-30,영업,직영,서울특별시 용산구 한강로3가 40-999 번지 아이파크몰 6층,,
경기도,화성시,002234,CGV 동탄역,7,"1,026",0,7,2,1,0,상설,,가입,CJ올리브네트웍스(주),2018-03-28,영업,직영,경기도 화성시 오산동 967-164 번지,010-3409-5303,
전라남도,장흥군,009051,정남진시네마,2,99,0,2,1,0,0,상설,,가입,(주)유유코리아,2015-10-19,영업,위탁,전라남도 장흥군 장흥읍 318-2 번지 장흥국민체육센터 4층,061-862-7053,http://jangheung.petitecine.com/
경상북도,영주시,006077,롯데시네마 영주,6,909,0,6,2,0,0,상설,,가입,롯데컬처웍스(주)롯데시네마,2018-03-09,영업,위탁,,054-634-3000,
충청남도,천안시,005067,씨네큐 천안불당,4,317,0,4,0,0,0,상설,,가입,(주)씨네큐,2020-09-25,영업,위탁,충청남도 천안시 서북구 불당동 1616 번지 지앤지홀딩스타워 5~8층,070-5038-4565,www.cineq.co.kr
전라남도,광양시,009053,CGV 광양엘에프스퀘어,7,"1,204",0,7,2,0,0,상설,,가입,CJ올리브네트웍스(주),2017-01-24,영업,위탁,전라남도 광양시 광양읍 1834 번지 LF스퀘어 3층 가든동,,
충청북도,충주시,004048,CGV 충주교현,6,463,0,6,1,0,0,상설,,가입,CJ올리브네트웍스(주),2021-04-14,영업,위탁,"충청북도 충주시 교현동 539-1 번지 5,6,7,8층",070-7525-0037,http://www.cgv.co.kr
경상북도,경산시,006081,CGV 경산,7,561,0,7,0,0,0,상설,,가입,CJ올리브네트웍스(주),2021-04-09,영업,위탁,경상북도 경산시 중방동 897 번지 2층 CGV극장,053-812-8970,
경기도,수원시,002259,CGV 광교,8,"1,564",0,7,2,1,1,상설,,가입,CJ올리브네트웍스(주),2020-03-20,영업,직영,경기도 수원시 영통구 하동 871-1 번지 갤러리아 백화점 광교점 10층,,
광주시,광산구,016015,CGV 광주첨단,9,"1,219",0,12,3,1,0,상설,,가입,CJ올리브네트웍스(주),2006-01-13,영업,직영,광주광역시 광산구 쌍암동 694-35 번지,1544-1122,http://www.cgv.co.kr/
대구시,달서구,012050,CGV 대구월성,7,"1,247",0,7,3,0,0,상설,,가입,CJ올리브네트웍스(주),2016-11-29,영업,직영,대구광역시 달서구 월성동 1846 번지 이래타워 4층,053-609-3005,
충청남도,천안시,005027,CGV 천안,8,"1,017",0,8,4,0,0,상설,,가입,CJ올리브네트웍스(주),2007-04-01,영업,직영,충청남도 천안시 동남구 대흥동 102-10 번지 오렌지시네스타 5층,1544-1122,http://www.cgv.co.kr/
충청남도,논산시,005066,CGV 논산,5,660,0,5,1,0,0,상설,,가입,CJ올리브네트웍스(주),2020-09-24,영업,직영,충청남도 논산시 내동 452 번지 CGV타워 3층,,
제주도,제주시,010011,CGV 제주,8,842,0,8,3,1,0,상설,,가입,CJ올리브네트웍스(주),2006-03-30,영업,직영,제주특별자치도 제주시 이도이동 1776-3 번지 302~306호,1544-1122,http://www.cgv.co.kr/
전라북도,전주시,008051,CGV 전주효자,7,"1,795",0,7,4,0,1,상설,,가입,CJ올리브네트웍스(주),2014-08-28,영업,직영,전라북도 전주시 완산구 효자동1가 434 번지 Mall of Hyoja 2층,1544-1122,
전라북도,전주시,008231,CGV서전주,5,720,0,5,2,0,0,상설,,가입,CJ올리브네트웍스(주),2018-04-24,영업,직영,전라북도 전주시 완산구 효자동3가 1531-2 번지 엠스퀘어 6층~8층,,
전라남도,목포시,009025,CGV 목포,7,"2,343",0,8,1,0,0,상설,,가입,CJ올리브네트웍스(주),2004-12-17,영업,직영,전라남도 목포시 상동 892 번지,1544-1122,http://www.cgv.co.kr/
전라남도,나주시,009058,CGV 나주,6,665,0,6,0,0,0,상설,,가입,CJ올리브네트웍스(주),2017-09-28,영업,위탁,전라남도 나주시 빛가람동 203-3 번지 4층,,
서울시,중랑구,001281,롯데시네마 중랑,8,973,0,8,1,0,0,상설,,가입,롯데컬처웍스(주)롯데시네마,2020-10-08,영업,위탁,서울특별시 중랑구 묵동 234-1 번지 롯데시네마 중랑,02-1544-8855,www.lottecinema.co.kr
강원도,원주시,003208,롯데시네마 원주무실,8,"1,079",0,8,2,0,0,상설,,가입,롯데컬처웍스(주)롯데시네마,2017-06-29,영업,직영,강원도 원주시 무실동 1857-2 번지,02-1544-8855,http://www.lottecinema.co.kr
인천시,남구,015020,CGV 주안역,9,"1,004",0,9,4,0,0,상설,,가입,CJ올리브네트웍스(주),2005-02-17,영업,위탁,인천광역시 남구 주안동 30-1 번지 카라아울렛 6~10층,1544-1122,http://www.cgv.co.kr
인천시,남구,015063,CGV 인천학익,6,"1,012",0,6,1,0,0,상설,,가입,CJ올리브네트웍스(주),2020-07-10,영업,직영,인천광역시 남구 학익동 401-21 번지,,
울산시,북구,001269,CGV 울산진장,7,"1,066",0,7,3,0,0,상설,,가입,CJ올리브네트웍스(주),2018-11-30,영업,직영,울산광역시 북구 진장동 120-9 번지 2층 CGV 울산진장,,www.cgv.co.kr
울산시,북구,014017,CGV 울산신천,4,363,0,4,2,0,0,상설,,가입,CJ올리브네트웍스(주),2019-11-28,영업,직영,울산광역시 북구 신천동 51 번지 신천CGV LEEPLEX 6층,,
울산시,남구,014013,CGV 울산삼산,11,"2,487",0,11,7,1,1,상설,,가입,CJ올리브네트웍스(주),2013-05-01,영업,직영,울산광역시 남구 삼산동 1569-1 번지 업스퀘어 5층,1544-1122,
대구시,달서구,012048,롯데시네마 상인,7,"1,276",0,7,2,0,0,상설,,가입,롯데컬처웍스(주)롯데시네마,2015-12-17,영업,직영,대구광역시 달서구 상인동 241 번지,1544-8855,http://www.lottecinema.co.kr
서울시,노원구,001203,CGV 중계,7,"1,090",0,7,3,1,0,상설,,가입,CJ올리브네트웍스(주),2013-04-25,영업,직영,서울특별시 노원구 중계동 509-2 번지,1544-1122,
부산시,해운대구,011046,CINE de CHEF 센텀,2,90,0,2,2,0,0,상설,,가입,CJ올리브네트웍스(주),2009-03-03,영업,직영,부산광역시 해운대구 우1동 1495 번지 신세계백화점서관 7층,1544-1122,http://www.cgv.co.kr
서울시,강남구,001123,CGV 강남,7,974,0,7,4,0,0,상설,,가입,CJ올리브네트웍스(주),2007-02-08,영업,직영,서울특별시 강남구 역삼동 814-6 번지 스타플렉스 4층~11층,1544-1122,http://www.cgv.co.kr/
부산시,동래구,011027,CGV 동래,9,"1,385",0,9,3,0,0,상설,,가입,CJ올리브네트웍스(주),2006-10-24,영업,직영,부산광역시 동래구 온천동 153-8 번지 SK허브스카이 6층,1544-1122,http://www.cgv.co.kr
대전시,중구,013012,CGV 대전,9,"1,880",1,9,7,1,1,상설,,가입,CJ올리브네트웍스(주),2001-08-18,영업,직영,대전광역시 중구 문화동 1-16 번지 세이백화점 별관 6층,1544-1122,http://www.cgv.co.kr/
대전시,서구,013034,CGV 대전가수원,5,"1,016",0,5,1,0,0,상설,,가입,CJ올리브네트웍스(주),2019-08-30,영업,위탁,대전광역시 서구 가수원동 1042 번지,042-545-0038,
대구시,중구,012043,CGV 대구한일,6,"1,085",0,6,2,0,0,상설,,가입,CJ올리브네트웍스(주),2012-12-28,영업,직영,대구광역시 중구 동성로2가 88-22 번지 엑슨밀라노 7층,1544-1122,http://www.cgv.co.kr
대구시,수성구,012034,CGV 대구스타디움,10,"1,458",0,10,6,1,0,상설,,가입,CJ올리브네트웍스(주),2011-09-06,영업,직영,대구광역시 수성구 대흥동 504 번지,1544-1122,http://www.cgv.co.kr
경상남도,창원시 의창구,007052,CGV 창원더시티,6,"1,178",0,6,2,0,1,상설,,가입,CJ올리브네트웍스(주),2008-06-20,영업,직영,경상남도 창원시 의창구 대원동 122 번지 더시티세븐 3층,1544-1122,http://www.cgv.co.kr
경상남도,창원시 의창구,007025,CGV 창원,6,"1,105",0,6,2,1,0,상설,,가입,CJ올리브네트웍스(주),2004-06-19,영업,직영,경상남도 창원시 의창구 팔용동 30-1 번지 뉴코아아울렛 9층~11층,1544-1122,http://www.cgv.co.kr
경상남도,창원시 성산구,007091,CGV 창원상남,5,593,0,5,1,0,0,상설,,가입,CJ올리브네트웍스(주),2020-10-22,영업,직영,경상남도 창원시 성산구 상남동 77-4 번지,,
경상남도,양산시,007085,CGV 양산삼호,3,411,0,3,0,0,0,상설,,가입,CJ올리브네트웍스(주),2019-12-30,영업,위탁,경상남도 양산시 삼호동 1010-3 번지 6층 CGV양산삼호점,,
경상남도,거제시,007037,CGV 거제,7,"1,223",0,7,1,0,0,상설,,가입,CJ올리브네트웍스(주),2006-09-28,영업,직영,경상남도 거제시 장평동 1211 번지 디큐브 백화점 6층,1544-1122,http://www.cgv.co.kr/
경기도,화성시,002256,CGV 동탄호수공원,6,640,0,6,3,0,0,상설,,가입,CJ올리브네트웍스(주),2020-01-16,영업,직영,경기도 화성시 무송동 681-535 번지 레이크꼬모 B2층(송동),,
대전시,서구,013032,롯데시네마 대전센트럴,7,859,0,7,3,0,0,상설,,가입,롯데컬처웍스(주)롯데시네마,2018-07-19,영업,직영,대전광역시 서구 둔산동 1279 번지,1544-8855,www.lottecinema.co.kr
서울시,강남구,001277,롯데시네마 도곡,7,847,0,7,2,0,0,상설,,가입,롯데컬처웍스(주)롯데시네마,2020-06-11,영업,직영,서울특별시 강남구 도곡동 174-3 번지 롯데시네마 도곡,02-3470-3493,www.lottecinema.co.kr
경기도,포천시,002263,CGV 포천,5,415,0,5,1,0,0,상설,,가입,CJ올리브네트웍스(주),2020-06-10,영업,위탁,"경기도 포천시 소흘읍 110-3 번지 4,5층",,
경기도,이천시,002061,CGV 이천,10,"1,143",0,10,4,0,0,상설,,가입,CJ올리브네트웍스(주),2015-01-05,영업,위탁,경기도 이천시 중리동 201-1 번지,1544-1122,
경기도,의정부시,001192,CGV 의정부,8,"1,523",0,10,4,0,1,상설,,가입,CJ올리브네트웍스(주),2012-04-20,영업,직영,경기도 의정부시 의정부동 168 번지,1544-1122,http://www.cgv.co.kr/
경기도,오산시,002253,CGV 오산중앙,8,552,0,8,1,0,0,상설,,가입,CJ올리브네트웍스(주),2019-11-21,영업,위탁,경기도 오산시 원동 124-3 번지,,
경기도,양주시,002260,CGV 양주옥정,7,724,0,7,3,0,0,상설,,가입,CJ올리브네트웍스(주),2020-04-01,영업,직영,"경기도 양주시 옥정동 963-12 번지 7~8층 (옥정동, 씨네마엠디프라자)",,
경기도,시흥시,002233,CGV 배곧,6,853,0,6,1,0,0,상설,,가입,CJ올리브네트웍스(주),2017-12-29,영업,직영,경기도 시흥시 정왕동 2537-2 번지 베니스스퀘어 7층,,
경기도,수원시,002116,CGV 동수원,8,"1,251",0,8,4,1,0,상설,,가입,CJ올리브네트웍스(주),2006-09-20,영업,직영,경기도 수원시 팔달구 인계동 1113-11 번지 씨네파크 7층,1544-1122,http://www.cgv.co.kr/
경기도,성남시,002011,CGV 야탑,8,"1,326",0,8,5,0,0,상설,,가입,CJ올리브네트웍스(주),2000-04-01,영업,직영,경기도 성남시 분당구 야탑동 341 번지 테마폴리스 B2F,1544-1122,http://www.cgv.co.kr/
경기도,김포시,002041,CGV 김포한강,4,478,0,4,1,0,0,상설,,가입,CJ올리브네트웍스(주),2014-02-25,영업,위탁,경기도 김포시 걸포동 1574-3 번지,1544-1122,http://www.cgv.co.kr/
경기도,고양시,002261,CGV 고양행신,6,658,0,6,1,0,0,상설,,가입,CJ올리브네트웍스(주),2020-04-01,영업,직영,경기도 고양시 덕양구 행신동 762-2 번지 5층 (행신동),,
경상북도,칠곡군,006082,칠곡호이영화관(씨네Q),2,94,0,2,1,0,0,상설,,가입,(주)씨네큐,2018-12-22,영업,직영,경상북도 칠곡군 석적읍 608 번지 칠곡호이영화관 및 청소년문화의 집,054-977-7053,http://www.cineq.co.kr
경상북도,안동시,006019,안동중앙시네마,1,144,0,1,0,0,0,상설,,가입,(주)디트릭스,,영업,직영,경상북도 안동시 삼산동 140-5 번지 3층,054-854-5500,http://
강원도,양양군,003213,양양 작은영화관,2,94,0,2,1,0,0,상설,,가입,(주)디트릭스,2019-06-18,영업,직영,"강원도 양양군 양양읍 210-36 번지 3층, 4층",033-673-7050,http://yangyang.scinema.org/
충청남도,태안군,005057,태안시네마,2,99,0,2,1,0,0,상설,,가입,문화인,2017-09-25,영업,직영,충청남도 태안군 태안읍 8-2 번지 동문리,041-673-2192,http://www.taeancinema.com/
경기도,의정부시,002040,CGV 의정부태흥,10,"1,528",0,10,2,0,0,상설,,가입,CJ올리브네트웍스(주),2014-01-23,영업,직영,"경기도 의정부시 의정부동 494 번지 센트럴타워 14,15층",1544-1122,
경기도,파주시,002219,헤이리시네마,1,30,0,1,0,0,0,상설,,가입,(주)디트릭스,2016-06-22,영업,직영,경기도 파주시 탄현면 1652-26 번지,031-942-1031,www.hcine.kr
서울시,종로구,001237,에무 시네마 앤 카페,2,102,0,2,0,0,0,상설,,가입,(주)디트릭스,2016-05-05,영업,직영,서울특별시 종로구 신문로2가 1-181 번지 복합문화공간에무,02-730-5604,http://emuartspace.com/
서울시,노원구,001240,더숲 아트시네마,2,82,0,2,0,0,0,상설,,가입,(주)디트릭스,2016-12-07,영업,직영,서울특별시 노원구 상계동 727-1 번지 조광빌딩 지하 1층,02-951-0206,
충청남도,홍성군,005058,메가박스 홍성내포,5,657,0,5,1,0,0,상설,,가입,메가박스(주),2017-09-27,영업,위탁,충청남도 홍성군 홍북읍 555 번지 6층 메가박스 홍성내포점,02-1544-0070,http://www.megabox.co.kr/
강원도,속초시,003025,메가박스 속초,5,585,0,5,2,0,0,상설,,가입,메가박스(주),2007-02-10,영업,위탁,강원도 속초시 조양동 1506-1 번지,1544-0070,http://www.megabox.co.kr/
경상북도,구미시,006043,CGV 구미,10,"1,346",0,10,4,0,0,상설,,가입,CJ올리브네트웍스(주),2006-12-18,영업,위탁,경상북도 구미시 원평동 68-1 번지,1544-1122,http://www.cgv.co.kr
경상북도,안동시,006057,CGV 안동,6,674,0,6,2,0,0,상설,,가입,CJ올리브네트웍스(주),2014-10-01,영업,위탁,경상북도 안동시 용상동 1426-1 번지 CGV 안동 3층,1544-1122,http://www.cgv.co.kr/
경상북도,김천시,006069,CGV 김천율곡,5,816,0,5,1,0,0,상설,,가입,CJ올리브네트웍스(주),2016-10-25,영업,위탁,경상북도 김천시 율곡동 1123 번지 더스퀘어 3층,,
경상남도,창원시 마산합포구,007084,롯데시네마 프리미엄 경남대,6,348,0,6,2,0,0,상설,,가입,롯데컬처웍스(주)롯데시네마,2019-04-10,영업,위탁,경상남도 창원시 마산합포구 월남동5가 4-1 번지 롯데시네마 프리미엄 경남대,055-1544-8855,http://lottecinama.co.kr
서울시,송파구,001241,메가박스송파파크하비오,9,"1,007",0,9,1,0,0,상설,,가입,메가박스(주),2016-12-23,영업,위탁,서울특별시 송파구 문정동 618 번지 204동 지하1층,02-1544-0070,http://www.megabox.co.kr/
경기도,화성시,002119,롯데시네마 병점,8,"1,098",0,8,2,0,0,상설,,가입,롯데컬처웍스(주)롯데시네마,2006-09-28,영업,직영,경기도 화성시 병점동 844-1 번지,1544-8855,http://www.lottecinema.co.kr/
경기도,부천시,002187,롯데시네마 부천(신중동역),8,"1,297",0,8,3,0,0,상설,,가입,롯데컬처웍스(주)롯데시네마,2011-04-06,영업,직영,경기도 부천시 원미구 중동 1141-2 번지,1544-8855,http://www.lottecinema.co.kr/
대전시,서구,013028,롯데시네마 대전둔산(월평동),10,"1,669",0,10,3,0,0,상설,,가입,롯데컬처웍스(주)롯데시네마,2014-05-31,영업,직영,대전광역시 서구 월평동 243 번지,1544-8855,http://www.lottecinema.co.kr/
광주시,동구,016037,롯데시네마 광주(백화점)_Charlotte관,1,30,0,1,0,0,0,상설,,가입,롯데컬처웍스(주)롯데시네마,2000-07-01,영업,직영,광주광역시 동구 대인동 7-1 번지,1544-8855,http://www.lottecinema.co.kr/
광주시,동구,016014,롯데시네마 광주(백화점),5,994,0,5,3,0,0,상설,,가입,롯데컬처웍스(주)롯데시네마,2000-07-01,영업,직영,광주광역시 동구 대인동 7-1 번지,1544-8855,http://www.lottecinema.co.kr/
대구시,북구,012031,롯데시네마 프리미엄칠곡,6,484,0,6,3,0,0,상설,,가입,롯데컬처웍스(주)롯데시네마,2013-09-05,영업,위탁,"대구광역시 북구 구암동 769-1 번지 5층 일부, 6~9층",1544-8855,http://www.lottecinema.co.kr/
대구시,서구,012042,롯데시네마 대구광장,7,"1,300",0,7,2,0,0,상설,,가입,롯데컬처웍스(주)롯데시네마,2012-09-28,영업,직영,대구광역시 서구 내당동 463-62 번지 M프라자4층,1544-8855,http://www.lottecinema.co.kr/
대구시,중구,012030,롯데시네마 동성로_Charlotte관,1,36,0,1,1,0,0,상설,,가입,롯데컬처웍스(주)롯데시네마,2008-05-16,영업,직영,대구광역시 중구 동성로2가 66-1 번지 (동성로 2가),1544-8855,http://www.lottecinema.co.kr/
전라남도,여수시,009050,CGV 여수웅천,8,872,0,8,2,0,0,상설,,가입,CJ올리브네트웍스(주),2015-02-11,영업,직영,전라남도 여수시 웅천동 1720-3 번지 2층~8층,1544-1122,
부산시,기장군,011056,롯데시네마 동부산(아울렛),6,"1,014",0,6,2,0,0,상설,,가입,롯데컬처웍스(주)롯데시네마,2014-12-23,영업,직영,부산광역시 기장군 기장읍 당사리 64 번지 동부산 롯데몰 3층 롯데시네마 동부산,1544-8855,http://www.lottecinema.co.kr/
경상북도,포항시,006071,인디플러스 포항,1,262,0,1,0,0,0,상설,,가입,(주)디트릭스,2017-02-22,영업,직영,경상북도 포항시 북구 덕산동 113-12 번지 포항시립중앙아트홀 2층,054-289-7921,
서울시,금천구,001226,롯데시네마 독산,8,"1,606",0,8,3,0,0,상설,,가입,롯데컬처웍스(주)롯데시네마,2014-11-07,영업,직영,서울특별시 금천구 독산동 291-5 번지,1544-8855,http://www.lottecinema.co.kr/
경기도,용인시,002232,CGV 용인,8,671,0,8,3,0,0,상설,,가입,CJ올리브네트웍스(주),2017-12-21,영업,위탁,경기도 용인시 처인구 김량장동 301-3 번지 5~8층,031-337-3421,www.cgv.co.kr
경기도,오산시,002141,CGV 오산,6,363,0,6,2,0,0,상설,,가입,CJ올리브네트웍스(주),2007-07-11,영업,위탁,경기도 오산시 원동 763-21 번지 오산시네마타운 5층 사무실,1544-8855,http://
경기도,부천시,002057,CGV 부천,8,"1,326",0,8,4,1,0,상설,,가입,CJ올리브네트웍스(주),2003-08-19,영업,직영,경기도 부천시 중동 1164 번지 현대백화점 중동점 U-PLEX 5층,1544-1122,http://www.cgv.co.kr
세종시,연기군,017039,CGV 세종,7,"1,094",0,7,3,0,0,상설,,가입,CJ올리브네트웍스(주),2015-11-30,영업,직영,세종특별자치시 종촌동 673 번지 몰리브 7층,1544-1122,
대전시,동구,013027,CGV 대전가오,7,"1,163",0,7,3,0,0,상설,,가입,CJ올리브네트웍스(주),2013-03-07,영업,직영,대전광역시 동구 가오동 557 번지 4층,1544-1122,http://www.cgv.co.kr/
강원도,홍천군,003197,홍천시네마,2,98,0,2,1,0,0,상설,,가입,(주)디트릭스,2014-04-08,영업,직영,강원도 홍천군 홍천읍 134-11 번지 홍천군문화센터 1층,033-433-7053,http://hongcheon.scinema.org/
서울시,은평구,001106,CGV 불광,9,"1,620",0,9,3,0,0,상설,,가입,CJ올리브네트웍스(주),2005-06-25,영업,위탁,서울특별시 은평구 대조동 240 번지 팜스퀘어 11층,1544-1122,http://www.cgv.co.kr/
강원도,정선군,003214,고한 시네마,2,113,0,2,1,0,0,상설,,가입,(주)디트릭스,2019-06-26,영업,직영,강원도 정선군 고한읍 63-54 번지 고한작은영화관,033-592-7053,http://gohan.scinema.org/
전라북도,전주시,008042,전주디지털독립영화관,1,98,1,1,0,0,0,상설,,가입,(주)디트릭스,2009-05-19,영업,직영,전라북도 전주시 완산구 고사동 429-5 번지 전주영화제작소 4층,063-231-3377,http://jeonjucinecomplex.kr
충청남도,청양군,005061,청양 시네마,2,98,0,2,1,0,0,상설,,가입,(주)디트릭스,2018-02-08,영업,직영,충청남도 청양군 청양읍 191-5 번지 청양군문화체육센타,041-942-7053,http://cheongyang.scinema.org/
강원도,화천군,003199,화천 작은영화관,3,322,0,3,1,0,0,상설,,가입,(주)디트릭스,2014-12-20,영업,직영,강원도 화천군 화천읍 1-5 번지 2층,033-441-7053,http://ihc.scinema.org/
경상남도,거창군,007069,롯데시네마 거창,2,410,0,2,0,0,0,상설,,가입,롯데컬처웍스(주)롯데시네마,2015-07-24,영업,위탁,경상남도 거창군 거창읍 90-2 번지 (고센시티8층),010-6898-0806,http://www.megabox.co.kr
경상북도,구미시,006076,씨네큐 구미봉곡,5,502,0,5,1,0,0,상설,,가입,(주)씨네큐,2017-12-07,영업,직영,경상북도 구미시 봉곡동 36 번지 4층,1544-1533,www.cineq.co.kr
경상북도,경주시,006073,씨네큐 경주보문,6,767,0,6,2,0,0,상설,,가입,(주)씨네큐,2017-08-24,영업,직영,경상북도 경주시 신평동 150-10 번지 2-4층,1544-1533,www.cineq.co.kr
제주도,제주시,010019,한림 작은영화관,2,98,0,2,0,0,0,상설,,가입,(주)디트릭스,,영업,직영,제주특별자치도 제주시 한림읍 887-2 번지 한림작은영화관 1층,,
경상남도,창원시 마산회원구,007056,롯데시네마 마산(합성동),7,590,0,7,1,0,0,상설,,가입,롯데컬처웍스(주)롯데시네마,2010-12-15,영업,위탁,경상남도 창원시 마산회원구 합성2동 267 번지,1544-8855,http://www.lottecinema.co.kr/
경기도,성남시,002112,CGV 성남모란,6,714,0,6,0,0,0,상설,,가입,CJ올리브네트웍스(주),2005-12-29,영업,위탁,경기도 성남시 중원구 성남동 3499 번지 뉴코아아울렛 9~10층,,
경기도,화성시,002250,CGV 화성봉담,4,379,0,4,0,0,0,상설,,가입,CJ올리브네트웍스(주),2019-08-14,영업,위탁,경기도 화성시 봉담읍 564 번지 2층 221호(프리미엄원희캐슬봉담 ),,
인천시,부평구,015019,CGV 부평,10,"1,552",0,10,2,0,0,상설,,가입,CJ올리브네트웍스(주),2004-06-19,영업,위탁,인천광역시 부평구 청천동 386 번지 아이즈빌 3층 영화관사무실,1544-1122,http://www.cgv.co.kr/
서울시,마포구,001222,CGV 홍대,6,936,0,6,3,0,0,상설,,가입,CJ올리브네트웍스(주),2014-10-02,영업,직영,서울특별시 마포구 동교동 159-8 번지 동교동,1544-1122,http://www.cgv.co.kr/
대전시,서구,013030,CGV 대전탄방,6,970,0,6,3,0,0,상설,,가입,CJ올리브네트웍스(주),2016-05-26,영업,직영,대전광역시 서구 탄방동 744 번지 세이탄방점 7층,,
서울시,종로구,001083,씨네큐브광화문(서울),2,365,2,2,0,0,0,상설,,가입,(주)디트릭스,2010-12-02,영업,위탁,서울특별시 종로구 신문로1가 226 번지 흥국생명빌딩 지하 2층,02-2002-7770,http://www.icinecube.com/
충청북도,음성군,004046,CGV 충북혁신,5,799,0,5,1,0,0,상설,,가입,CJ올리브네트웍스(주),2019-04-19,영업,위탁,충청북도 음성군 맹동면 500 번지 동성리,070-4252-9830,
경기도,용인시,002237,CGV 광교상현,4,406,0,4,1,0,0,상설,,가입,CJ올리브네트웍스(주),2018-08-21,영업,위탁,,,
서울시,동작구,001197,아트나인,2,150,0,2,1,0,0,상설,,가입,메가박스(주),2013-01-09,영업,위탁,서울특별시 동작구 사당동 147-53 번지 골든시네마 12층,070-7017-4526,http://www.megabox.co.kr/
전라북도,익산시,008052,롯데시네마 익산모현,7,"1,243",0,7,1,0,0,상설,,가입,롯데컬처웍스(주)롯데시네마,2019-02-28,영업,위탁,전라북도 익산시 모현동1가 876 번지 4층 롯데시네마 익산모현,,
충청남도,당진군,005046,CGV 당진,7,"1,075",0,7,2,0,0,상설,,가입,CJ올리브네트웍스(주),2014-12-01,영업,위탁,충청남도 당진시 읍내동 1532 번지 읍내동,1544-1122,
대전시,유성구,013029,CGV 유성노은,5,968,0,5,2,0,0,상설,,가입,CJ올리브네트웍스(주),2014-11-05,영업,위탁,대전광역시 유성구 지족동 905-4 번지 지족동 노은타운 7층,1544-1122,
광주시,북구,016038,CGV 광주용봉,10,"1,465",0,10,2,0,0,상설,,가입,CJ올리브네트웍스(주),2013-09-16,영업,직영,광주광역시 북구 용봉동 17-1 번지 굿모닝타운 4층,1544-1122,http://www.cgv.co.kr
경상남도,창원시 마산회원구,007032,CGV 마산,7,"1,178",0,7,4,0,0,상설,,가입,CJ올리브네트웍스(주),2005-03-12,영업,직영,경상남도 창원시 마산회원구 합성동 126-4 번지 보보스존 12층(구 엠파크8),1544-1122,http://www.cgv.co.kr
경기도,평택시,002200,CGV 평택소사,6,750,0,6,3,0,0,상설,,가입,CJ올리브네트웍스(주),2017-02-22,영업,직영,경기도 평택시 비전동 1090-2 번지 로이드빌딩 5층 CGV평택소사,,
경기도,성남시,002047,CGV 서현,4,455,0,4,2,0,0,상설,,가입,CJ올리브네트웍스(주),2014-08-14,영업,직영,경기도 성남시 분당구 서현동 256 번지 서현동 비전월드빌딩,1544-1122,
경기도,구리시,002220,CGV 구리,7,"1,165",0,7,3,0,0,상설,,가입,CJ올리브네트웍스(주),2016-07-28,영업,직영,"경기도 구리시 인창동 676-2 번지 2-7층 (인창동, 구리맥스)",,
광주시,동구,016044,광주독립영화관,1,105,0,1,0,0,0,상설,,가입,(주)디트릭스,2018-04-11,영업,직영,광주광역시 동구 서석동 47-1 번지 서석동,062-222-1895,
경상남도,창원시 마산합포구,007072,씨네아트 리좀,1,51,0,1,0,0,0,상설,,가입,(주)디트릭스,2015-12-11,영업,직영,경상남도 창원시 마산합포구 동성동 268 번지,070-8802-6438,cafe.naver.com/cineart
충청북도,청원군,004014,메가박스 오창,8,"1,013",0,8,2,0,0,상설,,가입,메가박스(주),2017-12-14,영업,위탁,충청북도 청원군 오창읍 양청리 820-1 번지 메가시티 4층 메가박스 오창,02-1544-0070,http://www.megabox.co.kr/
인천시,중구,015061,메가박스 영종,6,677,0,6,0,0,0,상설,,가입,메가박스(주),2018-10-18,영업,위탁,인천광역시 중구 운서동 3088-3 번지 예스타워 영종 7~9층,02-1544-0070,http://www.megabox.co.kr/
서울시,강서구,001246,메가박스 마곡,6,815,0,6,0,0,0,상설,,가입,메가박스(주),2017-09-25,영업,직영,서울특별시 강서구 마곡동 797-1 번지 퀸즈파크나인 B동 4층 메가박스 마곡지점,02-1544-0070,
부산시,기장군,011062,메가박스 정관,6,578,0,6,1,0,0,상설,,가입,메가박스(주),2017-12-07,영업,위탁,부산광역시 기장군 정관읍 777-1 번지 5층,02-1544-0070,http://www.megabox.co.kr/
경기도,남양주시,002054,메가박스 별내,6,454,0,6,0,0,0,상설,,가입,메가박스(주),2014-12-23,영업,위탁,"경기도 남양주시 별내동 936-4 번지 (별내동,황산빌딩)",1544-0070,http://www.megabox.co.kr/
서울시,동대문구,001164,롯데시네마 청량리,8,"1,737",0,8,4,1,0,상설,,가입,롯데컬처웍스(주)롯데시네마,2010-08-20,영업,직영,서울특별시 동대문구 전농동 591-53 번지,1544-8855,www.lottecinema.co.kr
경상남도,창원시 진해구,007062,롯데시네마 진해,6,952,0,6,2,0,0,상설,,가입,롯데컬처웍스(주)롯데시네마,2012-12-21,영업,직영,경상남도 창원시 진해구 석동 543-3 번지,1544-8855,http://www.lottecinema.co.kr/
경상남도,진주시,007075,롯데시네마 진주혁신,7,"1,268",0,7,2,0,0,상설,,가입,롯데컬처웍스(주)롯데시네마,2016-09-08,영업,직영,경상남도 진주시 충무공동 35 번지 진주롯데몰,02-1544-8855,http://www.lottecinema.co.kr
경기도,남양주시,002184,롯데시네마 진접,3,328,0,3,2,0,0,상설,,가입,롯데컬처웍스(주)롯데시네마,2010-12-23,영업,직영,경기도 남양주시 진접읍 1081-2 번지,1544-8855,http://www.lottecinema.co.kr
전라북도,전주시,008034,롯데시네마 전주평화,6,"1,040",0,6,3,0,0,상설,,가입,롯데컬처웍스(주)롯데시네마,2012-09-27,영업,직영,전라북도 전주시 완산구 평화동1가 604-1 번지,1544-8855,http://www.lottecinema.co.kr/
인천시,서구,015054,롯데시네마 인천아시아드,6,"1,155",0,6,2,0,0,상설,,가입,롯데컬처웍스(주)롯데시네마,2016-12-23,영업,직영,인천광역시 서구 연희동 378 번지,02-1544-8855,www.lottecinema.co.kr
서울시,광진구,001268,메가박스 군자,9,"1,127",0,9,0,0,0,상설,,가입,메가박스(주),2018-09-01,영업,위탁,서울특별시 광진구 군자동 477-12 번지,02-482-8746,
경기도,의정부시,002221,롯데시네마 의정부민락,7,902,0,7,2,0,0,상설,,가입,롯데컬처웍스(주)롯데시네마,2016-08-19,영업,직영,"경기도 의정부시 민락동 804-6 번지 해동타워 8,9층",02-1544-8855,http://www.lottecinema.co.kr
경기도,안양시,002217,롯데시네마 안양일번가,8,858,0,8,2,0,0,상설,,가입,롯데컬처웍스(주)롯데시네마,2016-05-03,영업,직영,경기도 안양시 만안구 안양동 676-1 번지 9~13층,02-1544-8855,http://www.lottecinema.co.kr
충청남도,아산시,005045,롯데시네마 아산터미널,6,"1,020",0,6,2,0,0,상설,,가입,롯데컬처웍스(주)롯데시네마,2014-01-24,영업,직영,충청남도 아산시 모종동 555-5 번지 아산터미널영화관 9~10층,1544-8855,www.lottecinema.co.kr
대구시,달서구,012014,롯데시네마 성서,9,"1,644",0,9,6,0,0,상설,,가입,롯데컬처웍스(주)롯데시네마,2006-01-19,영업,직영,대구광역시 달서구 이곡동 1244-1 번지,1544-8855,http://www.lottecinema.co.kr/
대구시,중구,012029,롯데시네마 동성로,8,"1,376",0,8,4,0,0,상설,,가입,롯데컬처웍스(주)롯데시네마,2008-05-16,영업,직영,대구광역시 중구 동성로2가 66-1 번지 더락 4층,1544-8855,http://www.lottecinema.co.kr/
경기도,용인시,002238,롯데시네마 용인기흥,7,"1,091",0,7,2,0,0,상설,,가입,롯데컬처웍스(주)롯데시네마,2018-09-12,영업,직영,경기도 용인시 기흥구 구갈동 234 번지,,
전라북도,군산시,008232,롯데시네마 군산몰,7,"1,014",0,7,2,0,0,상설,,가입,롯데컬처웍스(주)롯데시네마,2018-04-27,영업,직영,전라북도 군산시 조촌동 450-21 번지,02-1544-8855,www.lottecinema.co.kr
경기도,광주시,002208,롯데시네마 광주터미널,3,231,0,3,2,0,0,상설,,가입,롯데컬처웍스(주)롯데시네마,2012-07-27,영업,직영,경기도 광주시 경안동 25-3 번지 광주버스터미널2층,1544-8855,http://www.lottecinema.co.kr/
서울시,강동구,001258,메가박스강동,10,"1,352",0,10,0,0,0,상설,,가입,메가박스(주),2018-05-01,영업,위탁,서울특별시 강동구 성내동 549-1 번지,02-482-8746,
서울시,강서구,001189,롯데시네마 김포공항_샤롯데,1,32,0,1,1,0,0,상설,,가입,롯데컬처웍스(주)롯데시네마,2011-12-01,영업,직영,서울특별시 강서구 방화동 886 번지,1544-8855,http://www.lottecinema.co.kr/
대구시,중구,012047,대구독립영화전용관 오오극장,1,55,0,1,0,0,0,상설,,가입,(주)디트릭스,2015-02-05,영업,직영,대구광역시 중구 수동 1-6 번지 1층,053-425-3553,
제주도,서귀포시,010010,롯데시네마 서귀포,6,649,0,7,2,0,0,상설,,가입,롯데컬처웍스(주)롯데시네마,2005-12-28,영업,위탁,제주특별자치도 서귀포시 법환동 914 번지 월드컵경기장내,1544-8855,http://www.lottecinema.co.kr/
경기도,광주시,002231,CGV 경기광주,8,"1,202",0,8,2,0,0,상설,,가입,CJ올리브네트웍스(주),2017-09-30,영업,위탁,경기도 광주시 역동 16-1 번지,,
대구시,수성구,012044,CGV 대구수성,4,804,0,4,2,0,0,상설,,가입,CJ올리브네트웍스(주),2013-05-23,영업,직영,대구광역시 수성구 범물동 1273 번지,1544-1122,
경기도,고양시,002209,CGV 화정,8,886,0,8,3,0,0,상설,,가입,CJ올리브네트웍스(주),2012-09-13,영업,위탁,경기도 고양시 덕양구 화정동 966-1 번지 시네마플러스 401호,1544-1122,http://www.cgv.co.kr/
경기도,파주시,002046,CGV 파주문산,3,341,0,3,2,0,0,상설,,가입,CJ올리브네트웍스(주),2014-07-23,영업,직영,경기도 파주시 문산읍 892 번지 (3층),1544-1122,
경기도,김포시,002048,CGV 김포운양,4,424,0,4,2,0,0,상설,,가입,CJ올리브네트웍스(주),2014-10-31,영업,직영,경기도 김포시 운양동 1296-9 번지,1544-1122,
